match_id,date,temperature_c,humidity_pct,rain_48hr_mm,is_batting_first,overs_played,team_total_score,team_avg_run_rate,temp_x_batting_first,run_rate
1276907,12-07-2022,29.1,39,0.0,1,25.8,110,6.032587926403035,29.1,4.263565891472868
1276907,12-07-2022,27.5,39,0.0,0,19.5,114,5.80615212028422,0.0,5.846153846153846
1276908,14-07-2022,24.3,35,0.0,1,50.5,246,6.032587926403035,24.3,4.871287128712871
1276908,14-07-2022,21.2,37,0.0,0,39.0,146,5.80615212028422,0.0,3.7435897435897436
1276909,17-07-2022,28.5,30,1.3,1,47.7,259,6.032587926403035,28.5,5.429769392033543
1276909,17-07-2022,27.0,42,1.3,0,42.7,261,5.80615212028422,0.0,6.112412177985948
1276910,19-07-2022,34.8,30,0.2,1,51.2,333,5.784552542299042,34.8,6.50390625
1276910,19-07-2022,27.2,57,0.2,0,48.2,271,6.032587926403035,0.0,5.622406639004149
1276911,22-07-2022,17.0,79,9.0,1,28.8,201,6.032587926403035,17.0,6.979166666666666
1276911,22-07-2022,17.0,89,9.0,0,21.2,83,5.784552542299042,0.0,3.915094339622642
1276912,24-07-2022,23.1,62,1.6,1,28.3,159,5.784552542299042,23.1,5.618374558303887
1277082,19-01-2022,31.1,16,0.0,1,52.0,296,5.784552542299042,31.1,5.6923076923076925
1277082,19-01-2022,22.1,53,0.0,0,51.8,265,5.80615212028422,0.0,5.115830115830116
1277083,21-01-2022,37.6,18,0.0,1,51.8,287,5.80615212028422,37.6,5.540540540540541
1277083,21-01-2022,28.6,43,0.0,0,49.0,288,5.784552542299042,0.0,5.877551020408164
1277084,23-01-2022,28.0,56,0.0,1,51.8,287,5.784552542299042,28.0,5.540540540540541
1277084,23-01-2022,20.5,90,0.0,0,50.8,283,5.80615212028422,0.0,5.570866141732283
1277085,08-01-2022,29.3,53,0.2,1,50.8,269,5.299663432299572,29.3,5.2952755905511815
1277085,08-01-2022,24.7,79,0.2,0,50.7,245,5.272204648893497,0.0,4.832347140039447
1277086,13-01-2022,27.0,66,1.8,1,51.2,229,5.299663432299572,27.0,4.47265625
1277086,13-01-2022,23.7,82,1.8,0,33.7,168,5.272204648893497,0.0,4.985163204747774
1277087,16-01-2022,27.8,63,0.0,1,46.2,212,5.299663432299572,27.8,4.588744588744588
1277087,16-01-2022,25.2,79,0.0,0,47.8,214,5.272204648893497,0.0,4.476987447698745
1277097,18-03-2022,23.4,42,0.0,1,52.2,314,5.176671308816868,23.4,6.0153256704980835
1277097,18-03-2022,17.5,64,0.0,0,50.2,276,5.784552542299042,0.0,5.49800796812749
1277098,20-03-2022,22.2,41,0.0,1,51.7,194,5.176671308816868,22.2,3.7524177949709863
1277098,20-03-2022,17.7,68,0.0,0,38.0,195,5.784552542299042,0.0,5.131578947368421
1277099,23-03-2022,23.8,37,0.0,1,37.8,154,5.784552542299042,23.8,4.074074074074074
1277099,23-03-2022,17.2,61,0.0,0,27.0,156,5.176671308816868,0.0,5.777777777777778
1278676,06-02-2022,28.9,24,0.0,1,44.5,176,5.299663432299572,28.9,3.955056179775281
1278676,06-02-2022,19.9,45,0.0,0,29.3,178,5.80615212028422,0.0,6.075085324232082
1278677,09-02-2022,28.1,31,0.0,1,50.7,237,5.80615212028422,28.1,4.674556213017751
1278677,09-02-2022,21.5,39,0.0,0,47.2,193,5.299663432299572,0.0,4.088983050847458
1278678,11-02-2022,27.2,21,0.0,1,53.2,265,5.80615212028422,27.2,4.981203007518797
1278678,11-02-2022,18.8,43,0.0,0,38.5,169,5.299663432299572,0.0,4.3896103896103895
1281444,17-06-2022,26.0,44,0.0,1,52.7,498,6.032587926403035,26.0,9.449715370018975
1281444,17-06-2022,25.4,59,0.0,0,50.2,266,4.828573143508959,0.0,5.298804780876494
1281445,19-06-2022,15.9,69,3.5,1,41.7,235,4.828573143508959,15.9,5.635491606714628
1281445,19-06-2022,14.7,71,3.5,0,36.5,239,6.032587926403035,0.0,6.5479452054794525
1281446,22-06-2022,21.9,39,0.0,1,51.5,244,4.828573143508959,21.9,4.737864077669903
1281446,22-06-2022,19.8,66,0.0,0,31.3,248,6.032587926403035,0.0,7.92332268370607
1288313,29-03-2022,36.2,19,0.0,1,52.0,313,5.797720718684014,36.2,6.019230769230769
1288313,29-03-2022,26.6,56,0.0,0,46.0,225,5.415227161390376,0.0,4.891304347826087
1288314,31-03-2022,35.9,14,0.0,1,50.3,348,5.797720718684014,35.9,6.918489065606362
1288314,31-03-2022,25.9,30,0.0,0,49.3,349,5.415227161390376,0.0,7.079107505070994
1288315,02-04-2022,36.8,13,0.0,1,42.8,210,5.797720718684014,36.8,4.906542056074767
1288315,02-04-2022,27.4,31,0.0,0,38.2,214,5.415227161390376,0.0,5.602094240837696
1288987,29-03-2022,24.2,63,1.3,1,50.8,202,4.828573143508959,24.2,3.9763779527559056
1288987,29-03-2022,19.0,81,1.3,0,40.8,204,5.587714843246483,0.0,5.0
1288988,02-04-2022,22.7,69,0.6,1,52.3,264,5.587714843246483,22.7,5.047801147227534
1288988,02-04-2022,16.6,94,0.6,0,35.5,146,4.828573143508959,0.0,4.112676056338028
1288989,04-04-2022,23.0,57,0.0,1,52.7,333,5.587714843246483,23.0,6.318785578747628
1288989,04-04-2022,16.1,89,0.0,0,44.0,218,4.828573143508959,0.0,4.954545454545454
1294969,16-01-2022,25.9,75,0.4,1,51.3,296,5.057582761592188,25.9,5.769980506822613
1294969,16-01-2022,22.1,90,0.4,0,50.2,300,5.1490707495601455,0.0,5.9760956175298805
1294970,18-01-2022,26.3,72,0.3,1,50.7,302,5.057582761592188,26.3,5.956607495069033
1294970,18-01-2022,22.2,90,0.3,0,50.7,280,5.1490707495601455,0.0,5.522682445759369
1294971,21-01-2022,29.2,35,0.0,1,50.7,254,5.1490707495601455,29.2,5.009861932938856
1294971,21-01-2022,21.4,84,0.0,0,25.3,70,5.057582761592188,0.0,2.766798418972332
1299586,05-02-2022,24.7,13,0.0,1,50.7,307,4.528389084971718,24.7,6.055226824457593
1299586,05-02-2022,19.8,17,0.0,0,49.8,308,4.41756608573771,0.0,6.184738955823294
1299587,06-02-2022,26.6,12,0.0,1,47.7,195,4.528389084971718,26.6,4.088050314465408
1299587,06-02-2022,21.2,20,0.0,0,45.8,196,4.41756608573771,0.0,4.279475982532752
1299588,08-02-2022,31.0,18,0.0,1,50.3,214,4.528389084971718,31.0,4.254473161033798
1299588,08-02-2022,26.2,19,0.0,0,50.7,214,4.41756608573771,0.0,4.220907297830374
1302349,31-05-2022,14.6,64,1.3,1,46.7,240,4.828573143508959,14.6,5.139186295503212
1302349,31-05-2022,13.3,69,1.3,0,43.8,249,5.299663432299572,0.0,5.684931506849315
1302350,02-06-2022,17.7,55,0.0,1,50.0,214,4.828573143508959,17.7,4.28
1302350,02-06-2022,15.4,64,0.0,0,47.2,217,5.299663432299572,0.0,4.597457627118644
1302351,04-06-2022,17.9,66,0.2,1,53.3,308,5.299663432299572,17.9,5.778611632270169
1302351,04-06-2022,16.7,74,0.2,0,52.0,288,4.828573143508959,0.0,5.538461538461538
1302616,05-03-2022,27.6,30,0.0,1,51.8,225,4.528389084971718,27.6,4.343629343629344
1302616,05-03-2022,23.6,62,0.0,0,49.8,213,4.41756608573771,0.0,4.27710843373494
1302617,06-03-2022,27.9,38,0.0,1,51.2,226,4.596095767539074,27.9,4.4140625
1302617,06-03-2022,23.0,79,0.0,0,42.7,116,4.528389084971718,0.0,2.7166276346604215
1302618,08-03-2022,36.1,16,0.0,1,52.2,206,4.596095767539074,36.1,3.946360153256705
1302618,08-03-2022,26.4,42,0.0,0,49.3,207,4.41756608573771,0.0,4.198782961460447
1302619,09-03-2022,30.6,42,0.0,1,50.7,221,4.528389084971718,30.6,4.358974358974359
1302619,09-03-2022,26.1,57,0.0,0,49.5,213,4.41756608573771,0.0,4.303030303030303
1302620,11-03-2022,34.9,23,0.0,1,51.2,275,4.596095767539074,34.9,5.37109375
1302620,11-03-2022,28.1,35,0.0,0,47.0,276,4.528389084971718,0.0,5.872340425531915
1302621,12-03-2022,29.0,35,0.0,1,51.5,348,4.41756608573771,29.0,6.757281553398058
1302621,12-03-2022,26.9,45,0.0,0,51.3,305,4.596095767539074,0.0,5.94541910331384
1302622,14-03-2022,30.4,40,0.0,1,51.7,265,4.528389084971718,30.4,5.1257253384912955
1302622,14-03-2022,25.2,79,0.0,0,48.8,266,4.596095767539074,0.0,5.450819672131148
1302623,15-03-2022,32.7,33,0.0,1,50.7,176,4.105249091654201,32.7,3.4714003944773175
1302623,15-03-2022,25.7,72,0.0,0,45.5,179,4.41756608573771,0.0,3.934065934065934
1302624,16-03-2022,33.2,23,0.0,1,50.5,204,4.105249091654201,33.2,4.03960396039604
1302624,16-03-2022,26.1,62,0.0,0,50.7,208,4.769523568420198,0.0,4.102564102564102
1302625,18-03-2022,24.1,52,0.0,1,47.5,168,4.41756608573771,24.1,3.536842105263158
1302625,18-03-2022,21.1,66,0.0,0,35.8,120,4.769523568420198,0.0,3.3519553072625703
1302626,19-03-2022,24.8,51,0.0,1,51.7,147,4.41756608573771,24.8,2.843326885880077
1302626,19-03-2022,22.0,65,0.0,0,37.0,150,4.105249091654201,0.0,4.054054054054054
1302627,21-03-2022,26.6,53,0.0,1,50.3,202,4.41756608573771,26.6,4.0159045725646125
1302627,21-03-2022,22.5,81,0.0,0,36.0,103,4.769523568420198,0.0,2.861111111111111
1302628,22-03-2022,28.2,48,0.0,1,50.5,173,4.105249091654201,28.2,3.4257425742574257
1302628,22-03-2022,23.4,88,0.0,0,38.5,174,4.769523568420198,0.0,4.51948051948052
1303309,10-07-2022,18.6,80,0.0,1,51.2,300,5.272204648893497,18.6,5.859375
1303309,10-07-2022,15.7,88,0.0,0,51.5,305,5.587714843246483,0.0,5.922330097087379
1303310,12-07-2022,21.8,63,0.4,1,50.3,216,5.272204648893497,21.8,4.294234592445329
1303310,12-07-2022,20.7,72,0.4,0,39.2,219,5.587714843246483,0.0,5.586734693877551
1303311,15-07-2022,21.5,53,0.3,1,51.5,360,5.587714843246483,21.5,6.990291262135922
1303311,15-07-2022,18.2,74,0.3,0,51.3,359,5.272204648893497,0.0,6.9980506822612085
1305496,25-03-2022,29.4,77,0.0,1,51.2,292,4.105249091654201,29.4,5.703125
1305496,25-03-2022,27.8,84,0.0,0,51.0,286,4.769523568420198,0.0,5.607843137254902
1305497,26-03-2022,30.7,75,0.3,1,50.8,278,4.769523568420198,30.7,5.47244094488189
1305497,26-03-2022,28.5,76,0.3,0,50.0,283,4.105249091654201,0.0,5.66
1307296,14-06-2022,26.6,82,6.6,1,51.0,300,5.1490707495601455,26.6,5.882352941176471
1307296,14-06-2022,23.5,95,6.6,0,43.2,282,5.797720718684014,0.0,6.527777777777778
1307297,16-06-2022,25.3,84,4.3,1,48.2,220,5.1490707495601455,25.3,4.564315352697095
1307297,16-06-2022,23.2,95,4.3,0,38.2,189,5.797720718684014,0.0,4.947643979057592
1307298,19-06-2022,28.1,76,10.9,1,50.8,291,5.797720718684014,28.1,5.728346456692914
1307298,19-06-2022,26.9,81,10.9,0,48.8,292,5.1490707495601455,0.0,5.983606557377049
1307299,21-06-2022,28.1,79,10.0,1,50.0,258,5.1490707495601455,28.1,5.16
1307299,21-06-2022,26.5,89,10.0,0,50.7,254,5.797720718684014,0.0,5.009861932938856
1307300,24-06-2022,27.0,83,16.0,1,43.7,160,5.1490707495601455,27.0,3.6613272311212812
1307300,24-06-2022,26.9,82,16.0,0,40.8,164,5.797720718684014,0.0,4.019607843137255
1307479,31-07-2022,15.3,73,1.5,1,51.7,306,5.320902642880173,15.3,5.918762088974854
1307479,31-07-2022,15.8,75,1.5,0,46.0,307,5.587714843246483,0.0,6.673913043478261
1308244,09-04-2022,31.8,37,0.0,1,51.3,284,5.320902642880173,31.8,5.5360623781676415
1308244,09-04-2022,26.3,71,0.0,0,37.3,122,4.105249091654201,0.0,3.270777479892762
1308245,10-04-2022,34.8,18,0.0,1,51.3,215,5.320902642880173,34.8,4.1910331384015596
1308245,10-04-2022,28.5,53,0.0,0,49.7,211,4.528389084971718,0.0,4.245472837022133
1308246,12-04-2022,33.0,32,0.0,1,50.7,224,4.105249091654201,33.0,4.4181459566074945
1308246,12-04-2022,29.0,47,0.0,0,46.0,227,4.528389084971718,0.0,4.934782608695652
1308247,13-04-2022,34.2,27,0.0,1,51.3,287,5.320902642880173,34.2,5.594541910331384
1308247,13-04-2022,30.2,47,0.0,0,36.5,164,4.105249091654201,0.0,4.493150684931507
1308248,15-04-2022,32.7,46,0.0,1,50.3,225,4.528389084971718,32.7,4.473161033797217
1308248,15-04-2022,29.6,61,0.0,0,50.5,226,5.320902642880173,0.0,4.475247524752476
1308249,16-04-2022,33.8,42,0.0,1,52.7,277,4.528389084971718,33.8,5.256166982922201
1308249,16-04-2022,30.0,56,0.0,0,45.5,192,4.105249091654201,0.0,4.21978021978022
1311737,16-08-2022,24.9,60,0.0,1,51.5,314,5.415227161390376,24.9,6.097087378640777
1311737,16-08-2022,21.5,77,0.0,0,51.8,298,4.828573143508959,0.0,5.752895752895753
1311738,18-08-2022,24.2,62,2.3,1,44.8,186,4.828573143508959,24.2,4.151785714285714
1311738,18-08-2022,20.8,79,2.3,0,34.5,191,5.415227161390376,0.0,5.536231884057971
1311739,21-08-2022,22.2,57,0.8,1,50.8,206,5.415227161390376,22.2,4.05511811023622
1311739,21-08-2022,19.2,69,0.8,0,51.2,197,4.828573143508959,0.0,3.84765625
1312798,28-05-2022,33.5,44,0.0,1,52.3,310,4.976813021604454,33.5,5.92734225621415
1312798,28-05-2022,28.4,71,0.0,0,46.7,206,5.320902642880173,0.0,4.4111349036402565
1312799,29-05-2022,31.6,51,0.1,1,51.2,300,5.320902642880173,31.6,5.859375
1312799,29-05-2022,27.2,75,0.1,0,43.7,189,4.976813021604454,0.0,4.324942791762013
1312800,31-05-2022,31.3,55,2.5,1,51.2,215,4.41756608573771,31.3,4.19921875
1312800,31-05-2022,27.0,81,2.5,0,48.7,217,5.320902642880173,0.0,4.455852156057494
1312801,01-06-2022,31.4,59,0.4,1,51.0,203,4.41756608573771,31.4,3.980392156862745
1312801,01-06-2022,27.6,71,0.4,0,45.8,204,4.976813021604454,0.0,4.454148471615721
1312802,03-06-2022,33.0,41,0.0,1,50.7,171,5.320902642880173,33.0,3.3727810650887573
1312802,03-06-2022,28.1,60,0.0,0,44.5,172,4.41756608573771,0.0,3.865168539325843
1312803,04-06-2022,32.1,53,4.3,1,47.0,198,4.976813021604454,32.1,4.212765957446808
1312803,04-06-2022,25.0,82,4.3,0,40.5,200,4.41756608573771,0.0,4.938271604938271
1312804,08-06-2022,34.4,44,0.2,1,51.2,323,4.976813021604454,34.4,6.30859375
1312804,08-06-2022,29.0,75,0.2,0,43.7,209,4.528389084971718,0.0,4.782608695652174
1312805,09-06-2022,34.7,45,0.5,1,50.5,211,4.528389084971718,34.7,4.178217821782178
1312805,09-06-2022,29.5,68,0.5,0,50.5,198,4.769523568420198,0.0,3.9207920792079207
1312806,11-06-2022,36.3,39,0.0,1,51.0,274,4.769523568420198,36.3,5.372549019607843
1312806,11-06-2022,29.9,65,0.0,0,51.3,274,4.976813021604454,0.0,5.341130604288499
1312807,12-06-2022,36.0,42,0.0,1,51.0,280,4.528389084971718,36.0,5.490196078431373
1312807,12-06-2022,29.1,71,0.0,0,50.7,267,4.976813021604454,0.0,5.266272189349112
1312808,14-06-2022,33.8,43,1.3,1,47.8,163,4.528389084971718,33.8,3.410041841004184
1312808,14-06-2022,29.0,73,1.3,0,33.8,167,4.769523568420198,0.0,4.940828402366864
1312809,15-06-2022,34.0,47,0.8,1,50.8,245,4.976813021604454,34.0,4.822834645669292
1312809,15-06-2022,29.1,71,0.8,0,47.8,206,4.769523568420198,0.0,4.309623430962343
1315038,08-06-2022,44.9,9,0.0,1,50.8,305,5.299663432299572,44.9,6.003937007874016
1315038,08-06-2022,36.7,15,0.0,0,51.3,306,5.415227161390376,0.0,5.964912280701754
1315039,10-06-2022,43.1,23,0.0,1,51.0,275,5.415227161390376,43.1,5.392156862745098
1315039,10-06-2022,37.2,29,0.0,0,32.8,155,5.299663432299572,0.0,4.725609756097561
1315040,12-06-2022,41.4,23,0.6,1,49.5,269,5.415227161390376,41.4,5.434343434343434
1315040,12-06-2022,36.9,24,0.6,0,38.3,216,5.299663432299572,0.0,5.639686684073108
1317152,10-07-2022,26.7,30,0.0,1,41.8,149,5.299663432299572,26.7,3.5645933014354068
1317152,10-07-2022,21.0,62,0.0,0,33.5,151,5.176671308816868,0.0,4.507462686567164
1317153,13-07-2022,31.8,30,0.0,1,35.5,108,5.299663432299572,31.8,3.0422535211267605
1317153,13-07-2022,25.5,60,0.0,0,22.2,112,5.176671308816868,0.0,5.045045045045045
1317154,16-07-2022,27.1,42,0.0,1,49.3,178,5.299663432299572,27.1,3.610547667342799
1317154,16-07-2022,23.0,72,0.0,0,49.3,179,5.176671308816868,0.0,3.6308316430020287
1317476,28-08-2022,24.7,61,1.2,1,48.3,200,5.057582761592188,24.7,4.140786749482402
1317476,28-08-2022,21.5,69,1.2,0,35.0,201,5.797720718684014,0.0,5.742857142857143
1317477,31-08-2022,25.0,62,0.1,1,28.8,96,5.057582761592188,25.0,3.333333333333333
1317477,31-08-2022,21.2,81,0.1,0,15.8,100,5.797720718684014,0.0,6.329113924050633
1317478,03-09-2022,25.0,49,7.2,1,31.3,141,5.797720718684014,25.0,4.50479233226837
1317478,03-09-2022,20.8,58,7.2,0,39.5,142,5.057582761592188,0.0,3.5949367088607596
1317479,06-09-2022,24.6,76,0.7,1,50.8,232,5.587714843246483,24.6,4.566929133858268
1317479,06-09-2022,21.3,89,0.7,0,46.0,233,5.797720718684014,0.0,5.065217391304348
1317480,08-09-2022,25.1,70,0.7,1,50.3,195,5.797720718684014,25.1,3.876739562624255
1317480,08-09-2022,22.3,84,0.7,0,33.3,82,5.587714843246483,0.0,2.4624624624624625
1317481,11-09-2022,26.9,65,0.0,1,51.3,267,5.797720718684014,26.9,5.2046783625731
1317481,11-09-2022,22.9,86,0.0,0,50.5,242,5.587714843246483,0.0,4.792079207920792
1317489,17-11-2022,19.3,61,0.0,1,51.8,287,6.032587926403035,19.3,5.540540540540541
1317489,17-11-2022,16.2,56,0.0,0,47.8,291,5.797720718684014,0.0,6.087866108786611
1317490,19-11-2022,21.4,63,0.0,1,50.3,280,5.797720718684014,21.4,5.566600397614314
1317490,19-11-2022,19.2,77,0.0,0,39.7,208,6.032587926403035,0.0,5.239294710327456
1317491,22-11-2022,15.6,71,4.2,1,49.7,355,5.797720718684014,15.6,7.142857142857142
1317491,22-11-2022,13.9,76,4.2,0,32.8,142,6.032587926403035,0.0,4.329268292682928
1317900,22-07-2022,29.4,66,0.7,1,51.2,308,5.80615212028422,29.4,6.015625
1317900,22-07-2022,25.8,80,0.7,0,52.0,305,5.299663432299572,0.0,5.865384615384615
1317901,24-07-2022,31.7,46,0.5,1,51.2,311,5.299663432299572,31.7,6.07421875
1317901,24-07-2022,25.6,79,0.5,0,50.7,312,5.80615212028422,0.0,6.153846153846153
1317902,27-07-2022,28.5,68,3.5,1,37.7,225,5.80615212028422,28.5,5.968169761273209
1317902,27-07-2022,25.5,88,3.5,0,26.2,137,5.299663432299572,0.0,5.229007633587786
1317911,17-08-2022,29.4,62,2.3,1,45.5,190,5.587714843246483,29.4,4.175824175824176
1317911,17-08-2022,26.0,80,2.3,0,40.7,193,5.299663432299572,0.0,4.742014742014741
1317912,19-08-2022,29.1,66,1.8,1,48.7,212,5.587714843246483,29.1,4.353182751540041
1317912,19-08-2022,25.2,89,1.8,0,36.8,161,5.299663432299572,0.0,4.375
1317913,21-08-2022,27.1,79,10.5,1,51.5,301,5.299663432299572,27.1,5.844660194174757
1317913,21-08-2022,26.5,86,10.5,0,48.2,307,5.587714843246483,0.0,6.369294605809128
1322031,11-07-2022,21.3,63,0.0,1,48.3,220,4.596095767539074,21.3,4.554865424430642
1322031,11-07-2022,20.0,61,0.0,0,48.2,180,4.769523568420198,0.0,3.734439834024896
1322032,13-07-2022,15.8,69,1.4,1,43.7,144,5.320902642880173,15.8,3.295194508009153
1322032,13-07-2022,14.8,65,1.4,0,26.2,146,4.769523568420198,0.0,5.572519083969466
1322033,14-07-2022,17.0,63,0.5,1,50.5,215,4.596095767539074,17.0,4.257425742574258
1322033,14-07-2022,15.0,70,0.5,0,49.3,219,5.320902642880173,0.0,4.442190669371197
1322034,16-07-2022,16.4,86,1.9,1,50.2,199,4.596095767539074,16.4,3.9641434262948203
1322034,16-07-2022,17.5,88,1.9,0,38.7,136,4.769523568420198,0.0,3.5142118863049094
1322035,17-07-2022,24.2,55,2.1,1,37.0,128,4.769523568420198,24.2,3.4594594594594597
1322035,17-07-2022,20.8,63,2.1,0,19.5,130,5.320902642880173,0.0,6.666666666666667
1322036,10-08-2022,22.6,60,0.0,1,50.0,262,5.320902642880173,22.6,5.24
1322036,10-08-2022,20.5,67,0.0,0,43.0,198,4.41756608573771,0.0,4.604651162790698
1322037,11-08-2022,23.0,55,0.0,1,50.5,253,4.41756608573771,23.0,5.00990099009901
1322037,11-08-2022,17.6,69,0.0,0,50.7,256,4.976813021604454,0.0,5.04930966469428
1322038,13-08-2022,18.9,75,0.0,1,52.0,295,4.976813021604454,18.9,5.673076923076923
1322038,13-08-2022,16.6,90,0.0,0,48.7,301,5.320902642880173,0.0,6.180698151950718
1322039,14-08-2022,18.2,85,0.0,1,51.3,254,5.320902642880173,18.2,4.951267056530215
1322039,14-08-2022,16.8,93,0.0,0,42.0,168,4.41756608573771,0.0,4.0
1322041,17-08-2022,13.3,60,0.0,1,51.0,249,5.320902642880173,13.3,4.882352941176471
1322041,17-08-2022,12.0,71,0.0,0,50.8,250,4.976813021604454,0.0,4.921259842519685
1322278,25-11-2022,17.6,58,1.9,1,51.3,306,5.80615212028422,17.6,5.964912280701754
1322278,25-11-2022,15.8,64,1.9,0,48.8,309,5.587714843246483,0.0,6.331967213114755
1322279,27-11-2022,15.4,93,19.8,1,13.0,89,5.80615212028422,15.4,6.846153846153846
1322280,30-11-2022,15.7,86,11.6,1,49.0,219,5.80615212028422,15.7,4.469387755102041
1322280,30-11-2022,12.6,89,11.6,0,18.5,104,5.587714843246483,0.0,5.621621621621622
1322359,25-03-2023,20.4,59,0.9,1,51.8,274,5.587714843246483,20.4,5.28957528957529
1322359,25-03-2023,16.8,82,0.9,0,20.3,76,5.1490707495601455,0.0,3.7438423645320196
1322361,31-03-2023,20.0,59,0.0,1,42.8,157,5.1490707495601455,20.0,3.668224299065421
1322361,31-03-2023,14.0,89,0.0,0,33.8,159,5.587714843246483,0.0,4.70414201183432
1323292,05-08-2022,24.5,26,0.0,1,51.5,303,5.176671308816868,24.5,5.883495145631068
1323292,05-08-2022,16.6,46,0.0,0,49.8,307,5.057582761592188,0.0,6.164658634538153
1323293,07-08-2022,23.2,20,0.0,1,51.2,290,5.176671308816868,23.2,5.6640625
1323293,07-08-2022,15.6,23,0.0,0,48.7,291,5.057582761592188,0.0,5.9753593429158105
1323294,10-08-2022,24.0,29,0.0,1,52.0,256,5.176671308816868,24.0,4.923076923076923
1323294,10-08-2022,17.3,43,0.0,0,34.5,151,5.057582761592188,0.0,4.3768115942028984
1325549,18-08-2022,26.9,19,0.0,1,41.3,189,5.057582761592188,26.9,4.576271186440678
1325549,18-08-2022,18.6,26,0.0,0,33.2,192,5.80615212028422,0.0,5.783132530120481
1325550,20-08-2022,27.2,18,0.0,1,39.7,161,5.057582761592188,27.2,4.055415617128463
1325550,20-08-2022,17.6,27,0.0,0,28.2,167,5.80615212028422,0.0,5.921985815602837
1325551,22-08-2022,22.1,30,0.0,1,51.5,289,5.80615212028422,22.1,5.611650485436893
1325551,22-08-2022,15.5,53,0.0,0,51.5,276,5.057582761592188,0.0,5.359223300970874
1327509,06-10-2022,25.1,91,32.9,1,42.0,249,5.784552542299042,25.1,5.928571428571429
1327509,06-10-2022,24.8,94,32.9,0,42.3,240,5.80615212028422,0.0,5.673758865248227
1327510,09-10-2022,28.2,62,0.5,1,50.5,278,5.784552542299042,28.2,5.5049504950495045
1327510,09-10-2022,22.3,93,0.5,0,46.5,282,5.80615212028422,0.0,6.064516129032258
1327511,11-10-2022,26.6,72,2.2,1,27.8,99,5.784552542299042,26.6,3.5611510791366907
1327511,11-10-2022,22.4,94,2.2,0,19.5,105,5.80615212028422,0.0,5.384615384615385
1331365,11-09-2022,28.0,82,6.0,1,48.0,205,4.976813021604454,28.0,4.270833333333333
1331365,11-09-2022,25.2,95,6.0,0,50.8,205,4.105249091654201,0.0,4.035433070866142
1331366,13-09-2022,28.9,78,0.3,1,51.0,211,4.105249091654201,28.9,4.137254901960785
1331366,13-09-2022,26.9,81,0.3,0,47.7,185,4.976813021604454,0.0,3.8784067085953877
1331367,15-09-2022,29.0,74,3.6,1,49.3,176,4.596095767539074,29.0,3.569979716024341
1331367,15-09-2022,25.7,95,3.6,0,32.0,97,4.976813021604454,0.0,3.03125
1331368,17-09-2022,28.7,79,4.1,1,51.2,254,4.596095767539074,28.7,4.9609375
1331368,17-09-2022,25.9,95,4.1,0,50.2,186,4.976813021604454,0.0,3.7051792828685257
1331369,20-09-2022,30.0,70,2.1,1,51.2,284,4.596095767539074,30.0,5.546875
1331369,20-09-2022,27.0,83,2.1,0,43.0,117,4.105249091654201,0.0,2.7209302325581395
1331370,21-09-2022,27.8,76,0.7,1,52.0,214,4.596095767539074,27.8,4.115384615384615
1331370,21-09-2022,25.5,93,0.7,0,44.5,153,4.105249091654201,0.0,3.438202247191011
1336052,08-09-2023,26.6,64,0.0,1,50.8,291,6.032587926403035,26.6,5.728346456692914
1336052,08-09-2023,22.2,85,0.0,0,47.3,297,5.587714843246483,0.0,6.279069767441861
1336053,10-09-2023,25.0,62,0.2,1,35.2,226,6.032587926403035,25.0,6.420454545454545
1336053,10-09-2023,19.0,96,0.2,0,27.5,147,5.587714843246483,0.0,5.345454545454546
1336054,13-09-2023,19.6,57,0.1,1,50.2,368,6.032587926403035,19.6,7.330677290836653
1336054,13-09-2023,16.3,76,0.1,0,40.2,187,5.587714843246483,0.0,4.651741293532338
1336055,15-09-2023,24.9,46,0.0,1,51.2,311,6.032587926403035,24.9,6.07421875
1336055,15-09-2023,19.4,66,0.0,0,39.8,211,5.587714843246483,0.0,5.301507537688442
1336129,23-09-2023,15.5,56,0.0,1,51.7,334,6.032587926403035,15.5,6.460348162475822
1336129,23-09-2023,12.1,67,0.0,0,49.2,286,5.272204648893497,0.0,5.8130081300813
1336130,26-09-2023,18.9,75,2.3,1,31.3,280,6.032587926403035,18.9,8.945686900958465
1339595,27-01-2023,28.0,36,0.0,1,51.3,298,5.784552542299042,28.0,5.8089668615984404
1339595,27-01-2023,20.9,56,0.0,0,45.5,271,6.032587926403035,0.0,5.956043956043956
1339596,29-01-2023,29.6,25,0.2,1,52.0,342,6.032587926403035,29.6,6.576923076923077
1339596,29-01-2023,23.8,39,0.2,0,49.5,347,5.784552542299042,0.0,7.01010101010101
1339597,01-02-2023,28.5,40,5.2,1,52.0,346,6.032587926403035,28.5,6.653846153846154
1339597,01-02-2023,23.6,57,5.2,0,44.2,287,5.784552542299042,0.0,6.493212669683258
1339602,18-03-2023,23.8,70,0.0,1,52.2,335,5.299663432299572,23.8,6.4176245210727965
1339602,18-03-2023,20.4,86,0.0,0,42.7,287,5.784552542299042,0.0,6.721311475409836
1339603,21-03-2023,26.7,38,0.4,1,50.2,260,5.299663432299572,26.7,5.179282868525896
1339603,21-03-2023,20.8,59,0.4,0,31.3,264,5.784552542299042,0.0,8.434504792332268
1339607,31-03-2023,16.1,69,2.9,1,47.2,189,4.828573143508959,16.1,4.0042372881355925
1339607,31-03-2023,12.2,86,2.9,0,31.0,190,5.784552542299042,0.0,6.129032258064516
1339608,02-04-2023,21.7,51,0.8,1,52.0,370,5.784552542299042,21.7,7.115384615384615
1339608,02-04-2023,15.9,74,0.8,0,40.8,224,4.828573143508959,0.0,5.490196078431373
1339611,09-01-2023,25.8,51,0.0,1,50.3,255,5.587714843246483,25.8,5.069582504970179
1339611,09-01-2023,20.7,84,0.0,0,48.3,258,5.415227161390376,0.0,5.341614906832299
1339612,11-01-2023,25.5,60,0.5,1,51.5,261,5.587714843246483,25.5,5.067961165048544
1339612,11-01-2023,22.1,87,0.5,0,43.8,182,5.415227161390376,0.0,4.155251141552512
1339613,13-01-2023,22.4,7,0.0,1,50.3,280,5.415227161390376,22.4,5.566600397614314
1339613,13-01-2023,15.8,12,0.0,0,49.5,281,5.587714843246483,0.0,5.6767676767676765
1339619,27-04-2023,26.0,40,1.5,1,50.3,288,5.587714843246483,26.0,5.725646123260438
1339619,27-04-2023,22.2,40,1.5,0,49.2,291,5.415227161390376,0.0,5.914634146341463
1339620,29-04-2023,31.1,26,0.0,1,51.0,336,5.587714843246483,31.1,6.588235294117647
1339620,29-04-2023,24.2,43,0.0,0,49.2,337,5.415227161390376,0.0,6.849593495934959
1339621,03-05-2023,32.2,52,0.0,1,51.3,287,5.415227161390376,32.2,5.594541910331384
1339621,03-05-2023,27.6,77,0.0,0,49.8,261,5.587714843246483,0.0,5.240963855421687
1339622,05-05-2023,33.1,53,0.0,1,51.0,334,5.415227161390376,33.1,6.549019607843137
1339622,05-05-2023,27.3,76,0.0,0,44.7,232,5.587714843246483,0.0,5.190156599552572
1339623,07-05-2023,34.8,46,0.0,1,49.7,299,5.587714843246483,34.8,6.01609657947686
1339623,07-05-2023,27.5,84,0.0,0,46.7,252,5.415227161390376,0.0,5.3961456102783725
1340845,04-12-2022,27.2,50,0.0,1,42.2,186,5.80615212028422,27.2,4.407582938388625
1340845,04-12-2022,21.1,75,0.0,0,47.3,187,5.176671308816868,0.0,3.9534883720930236
1340846,07-12-2022,26.6,47,0.0,1,51.5,271,5.176671308816868,26.6,5.262135922330097
1340846,07-12-2022,19.8,72,0.0,0,51.8,266,5.80615212028422,0.0,5.135135135135135
1340847,10-12-2022,26.4,53,0.0,1,50.7,409,5.80615212028422,26.4,8.06706114398422
1340847,10-12-2022,19.9,80,0.0,0,34.7,182,5.176671308816868,0.0,5.244956772334294
1341969,19-11-2022,29.5,17,0.0,1,39.3,107,4.105249091654201,29.5,2.72264631043257
1341969,19-11-2022,24.8,26,0.0,0,15.8,108,4.596095767539074,0.0,6.8354430379746836
1341970,20-11-2022,30.5,17,0.0,1,51.2,244,4.976813021604454,30.5,4.765625
1341970,20-11-2022,26.4,25,0.0,0,44.8,173,4.596095767539074,0.0,3.8616071428571432
1341971,22-11-2022,30.7,19,0.0,1,48.7,149,4.105249091654201,30.7,3.059548254620123
1341971,22-11-2022,23.9,27,0.0,0,31.7,152,4.976813021604454,0.0,4.794952681388013
1341972,23-11-2022,30.7,15,0.0,1,50.0,236,4.105249091654201,30.7,4.72
1341972,23-11-2022,25.4,11,0.0,0,50.2,241,4.596095767539074,0.0,4.800796812749003
1341973,25-11-2022,32.8,10,0.0,1,51.5,266,4.976813021604454,32.8,5.165048543689321
1341973,25-11-2022,28.6,15,0.0,0,48.7,231,4.105249091654201,0.0,4.743326488706365
1341974,26-11-2022,33.2,12,0.0,1,50.8,211,4.976813021604454,33.2,4.153543307086615
1341974,26-11-2022,26.7,15,0.0,0,45.0,212,4.596095767539074,0.0,4.711111111111111
1341975,01-12-2022,31.1,17,0.0,1,51.2,211,4.596095767539074,31.1,4.12109375
1341975,01-12-2022,27.3,25,0.0,0,43.3,213,5.320902642880173,0.0,4.919168591224019
1341976,02-12-2022,27.6,38,1.0,1,51.0,197,4.769523568420198,27.6,3.8627450980392157
1341976,02-12-2022,25.4,35,1.0,0,0.7,4,4.596095767539074,0.0,5.714285714285714
1341977,04-12-2022,31.9,13,0.0,1,40.5,137,4.769523568420198,31.9,3.382716049382716
1341977,04-12-2022,27.3,17,0.0,0,32.8,143,5.320902642880173,0.0,4.359756097560976
1341978,05-12-2022,32.4,10,0.0,1,50.8,208,5.320902642880173,32.4,4.094488188976378
1341978,05-12-2022,24.2,10,0.0,0,45.7,210,4.596095767539074,0.0,4.595185995623632
1341979,07-12-2022,30.3,4,0.0,1,50.3,275,4.596095767539074,30.3,5.467196819085488
1341979,07-12-2022,24.9,6,0.0,0,48.2,189,4.769523568420198,0.0,3.921161825726141
1341980,08-12-2022,31.5,6,0.0,1,36.2,119,4.769523568420198,31.5,3.2872928176795577
1341980,08-12-2022,25.3,9,0.0,0,17.3,121,5.320902642880173,0.0,6.99421965317919
1343683,14-11-2022,28.0,53,0.0,1,51.7,263,4.41756608573771,28.0,5.087040618955513
1343683,14-11-2022,24.6,66,0.0,0,51.5,179,4.769523568420198,0.0,3.4757281553398056
1343684,16-11-2022,27.3,56,0.0,1,44.2,191,4.41756608573771,27.3,4.321266968325792
1343684,16-11-2022,25.8,61,0.0,0,49.0,193,4.769523568420198,0.0,3.938775510204082
1343685,18-11-2022,28.1,44,0.0,1,52.0,176,4.41756608573771,28.1,3.3846153846153846
1343685,18-11-2022,22.5,67,0.0,0,41.3,180,4.769523568420198,0.0,4.358353510895884
1348326,18-01-2023,21.6,74,2.3,1,51.3,288,5.272204648893497,21.6,5.614035087719299
1348326,18-01-2023,17.2,96,2.3,0,38.5,214,5.057582761592188,0.0,5.558441558441558
1348327,21-01-2023,22.5,68,4.5,1,53.5,294,5.272204648893497,22.5,5.4953271028037385
1348327,21-01-2023,17.0,94,4.5,0,48.0,248,5.057582761592188,0.0,5.166666666666667
1348328,23-01-2023,21.4,76,11.9,1,13.3,55,5.057582761592188,21.4,4.135338345864661
1348643,10-01-2023,23.5,59,0.0,1,50.8,373,5.80615212028422,23.5,7.34251968503937
1348643,10-01-2023,19.2,80,0.0,0,51.3,306,5.1490707495601455,0.0,5.964912280701754
1348644,12-01-2023,25.1,43,0.0,1,40.7,215,5.1490707495601455,25.1,5.282555282555283
1348644,12-01-2023,17.1,70,0.0,0,45.8,219,5.80615212028422,0.0,4.781659388646289
1348645,15-01-2023,29.8,52,0.0,1,50.8,390,5.80615212028422,29.8,7.677165354330709
1348645,15-01-2023,25.2,76,0.0,0,22.5,73,5.1490707495601455,0.0,3.2444444444444445
1348646,18-01-2023,29.4,28,0.0,1,51.8,349,5.80615212028422,29.4,6.737451737451738
1348646,18-01-2023,21.4,49,0.0,0,51.7,337,5.587714843246483,0.0,6.518375241779497
1348647,21-01-2023,28.9,34,0.0,1,35.3,108,5.587714843246483,28.9,3.059490084985836
1348647,21-01-2023,20.5,59,0.0,0,20.2,111,5.80615212028422,0.0,5.4950495049504955
1348648,24-01-2023,25.8,43,0.0,1,51.0,385,5.80615212028422,25.8,7.549019607843137
1348648,24-01-2023,18.1,67,0.0,0,42.8,295,5.587714843246483,0.0,6.892523364485982
1348656,17-03-2023,28.5,65,1.1,1,36.2,188,5.797720718684014,28.5,5.193370165745856
1348656,17-03-2023,26.8,83,1.1,0,41.7,191,5.80615212028422,0.0,4.580335731414868
1348657,19-03-2023,25.6,74,19.3,1,28.0,117,5.80615212028422,25.6,4.178571428571429
1348657,19-03-2023,24.3,83,19.3,0,11.7,121,5.797720718684014,0.0,10.341880341880342
1348658,22-03-2023,29.5,75,2.1,1,49.7,269,5.797720718684014,29.5,5.412474849094567
1348658,22-03-2023,27.6,89,2.1,0,50.5,248,5.80615212028422,0.0,4.910891089108911
1351397,01-03-2023,30.8,34,0.0,1,50.0,209,5.176671308816868,30.8,4.18
1351397,01-03-2023,27.5,39,0.0,0,49.0,212,6.032587926403035,0.0,4.326530612244898
1351398,03-03-2023,32.3,29,0.0,1,50.8,326,6.032587926403035,32.3,6.417322834645669
1351398,03-03-2023,24.0,53,0.0,0,45.0,194,5.176671308816868,0.0,4.311111111111111
1351399,06-03-2023,30.0,48,0.0,1,49.5,246,5.176671308816868,30.0,4.96969696969697
1351399,06-03-2023,25.8,73,0.0,0,43.8,196,6.032587926403035,0.0,4.474885844748859
1355717,18-03-2023,26.8,67,2.4,1,51.3,338,5.176671308816868,26.8,6.5886939571150105
1355717,18-03-2023,23.5,77,2.4,0,31.8,155,5.272204648893497,0.0,4.8742138364779874
1355718,20-03-2023,24.4,71,16.4,1,51.0,349,5.176671308816868,24.4,6.8431372549019605
1355719,23-03-2023,27.5,59,3.6,1,28.8,101,5.272204648893497,27.5,3.506944444444444
1355719,23-03-2023,20.0,86,3.6,0,14.2,102,5.176671308816868,0.0,7.183098591549296
1358073,14-02-2023,26.7,52,0.0,1,50.7,285,4.596095767539074,26.7,5.621301775147929
1358073,14-02-2023,22.6,77,0.0,0,49.3,287,4.769523568420198,0.0,5.821501014198783
1358074,15-02-2023,27.6,52,0.0,1,41.2,153,4.596095767539074,27.6,3.7135922330097086
1358074,15-02-2023,24.1,71,0.0,0,22.5,157,5.320902642880173,0.0,6.977777777777778
1358075,17-02-2023,27.4,65,0.2,1,51.0,274,5.320902642880173,27.4,5.372549019607843
1358075,17-02-2023,25.1,77,0.2,0,49.3,275,4.769523568420198,0.0,5.578093306288033
1358076,18-02-2023,27.0,67,0.0,1,51.8,274,4.596095767539074,27.0,5.28957528957529
1358076,18-02-2023,25.2,78,0.0,0,49.8,278,4.769523568420198,0.0,5.582329317269076
1358077,20-02-2023,28.4,72,0.0,1,49.3,221,5.320902642880173,28.4,4.482758620689656
1358077,20-02-2023,25.3,88,0.0,0,39.8,178,4.596095767539074,0.0,4.472361809045227
1358078,21-02-2023,29.5,64,0.0,1,46.3,212,5.320902642880173,29.5,4.578833693304536
1358078,21-02-2023,25.6,81,0.0,0,45.8,213,4.769523568420198,0.0,4.650655021834061
1358079,23-02-2023,26.8,28,0.0,1,31.7,91,4.596095767539074,26.8,2.8706624605678233
1358079,23-02-2023,21.4,83,0.0,0,33.8,95,4.41756608573771,0.0,2.810650887573965
1358080,25-02-2023,29.9,38,0.0,1,53.7,166,4.41756608573771,29.9,3.0912476722532585
1358080,25-02-2023,24.3,59,0.0,0,30.0,167,4.596095767539074,0.0,5.566666666666666
1358082,28-02-2023,28.5,39,0.0,1,51.0,262,4.105249091654201,28.5,5.137254901960785
1358082,28-02-2023,23.7,68,0.0,0,35.2,131,4.41756608573771,0.0,3.7215909090909087
1358083,02-03-2023,26.2,48,0.5,1,50.7,207,4.41756608573771,26.2,4.0828402366863905
1358083,02-03-2023,23.2,75,0.5,0,33.0,139,4.769523568420198,0.0,4.212121212121212
1358084,03-03-2023,25.5,66,0.0,1,50.0,179,4.105249091654201,25.5,3.58
1358084,03-03-2023,23.1,82,0.0,0,49.5,182,4.769523568420198,0.0,3.676767676767677
1358085,05-03-2023,26.0,49,0.0,1,27.5,97,4.41756608573771,26.0,3.5272727272727273
1358085,05-03-2023,22.8,71,0.0,0,27.3,98,4.105249091654201,0.0,3.58974358974359
1358086,06-03-2023,28.0,30,0.0,1,50.3,229,4.769523568420198,28.0,4.5526838966202785
1358086,06-03-2023,22.5,75,0.0,0,45.7,187,4.41756608573771,0.0,4.091903719912472
1358087,09-03-2023,28.5,69,0.0,1,50.8,297,4.769523568420198,28.5,5.846456692913386
1358087,09-03-2023,25.1,87,0.0,0,48.2,245,4.105249091654201,0.0,5.08298755186722
1358088,10-03-2023,29.1,56,0.0,1,50.0,246,4.105249091654201,29.1,4.92
1358088,10-03-2023,25.6,81,0.0,0,45.0,190,4.41756608573771,0.0,4.222222222222222
1358089,12-03-2023,29.5,59,0.0,1,50.2,248,4.769523568420198,29.5,4.940239043824701
1358089,12-03-2023,26.2,75,0.0,0,22.8,71,4.41756608573771,0.0,3.114035087719298
1358090,13-03-2023,30.4,54,0.0,1,32.3,95,4.105249091654201,30.4,2.9411764705882355
1358090,13-03-2023,26.2,85,0.0,0,8.0,100,4.769523568420198,0.0,12.5
1358091,15-03-2023,29.0,68,0.0,1,51.2,234,4.105249091654201,29.0,4.5703125
1358091,15-03-2023,26.5,89,0.0,0,39.8,236,4.41756608573771,0.0,5.9296482412060305
1358092,16-03-2023,29.5,70,0.0,1,51.8,310,4.41756608573771,29.5,5.984555984555985
1358092,16-03-2023,27.0,84,0.0,0,45.2,269,4.769523568420198,0.0,5.951327433628318
1362379,21-03-2023,26.2,33,0.0,1,50.0,249,5.057582761592188,26.2,4.98
1362379,21-03-2023,19.9,60,0.0,0,50.5,255,4.828573143508959,0.0,5.0495049504950495
1362380,23-03-2023,24.9,53,2.7,1,50.0,271,5.057582761592188,24.9,5.42
1362380,23-03-2023,19.2,79,2.7,0,50.7,270,4.828573143508959,0.0,5.325443786982248
1362381,25-03-2023,25.7,42,0.1,1,50.5,231,4.828573143508959,25.7,4.574257425742574
1362381,25-03-2023,20.5,65,0.1,0,42.7,235,5.057582761592188,0.0,5.50351288056206
1364124,09-05-2023,17.7,71,17.6,1,51.7,246,5.176671308816868,17.7,4.758220502901354
1364124,09-05-2023,13.4,89,17.6,0,16.8,65,5.272204648893497,0.0,3.869047619047619
1364125,12-05-2023,12.1,86,2.7,1,45.7,319,5.272204648893497,12.1,6.980306345733041
1364125,12-05-2023,11.7,85,2.7,0,46.0,320,5.176671308816868,0.0,6.956521739130435
1365092,26-03-2023,29.0,16,0.0,1,51.5,231,4.976813021604454,29.0,4.485436893203883
1365092,26-03-2023,25.4,25,0.0,0,42.5,151,4.596095767539074,0.0,3.552941176470588
1365093,27-03-2023,28.5,23,0.0,1,51.2,260,4.41756608573771,28.5,5.078125
1365093,27-03-2023,25.4,28,0.0,0,51.5,239,4.105249091654201,0.0,4.640776699029126
1365095,29-03-2023,28.3,22,0.0,1,51.0,198,4.479455044709109,28.3,3.8823529411764706
1365095,29-03-2023,24.3,29,0.0,0,48.7,172,4.976813021604454,0.0,3.5318275154004106
1365097,30-03-2023,29.1,8,0.0,1,50.8,213,4.730353430910044,29.1,4.192913385826772
1365097,30-03-2023,22.9,12,0.0,0,32.8,216,4.596095767539074,0.0,6.585365853658537
1365098,30-03-2023,29.1,8,0.0,1,50.5,279,4.41756608573771,29.1,5.524752475247524
1365098,30-03-2023,22.9,12,0.0,0,51.3,281,4.976813021604454,0.0,5.477582846003899
1365099,01-04-2023,30.0,9,0.0,1,50.2,254,4.479455044709109,30.0,5.059760956175299
1365099,01-04-2023,24.6,15,0.0,0,50.3,255,4.41756608573771,0.0,5.069582504970179
1365100,01-04-2023,30.0,9,0.0,1,50.3,291,4.730353430910044,30.0,5.785288270377734
1365100,01-04-2023,24.6,15,0.0,0,51.0,280,4.105249091654201,0.0,5.490196078431373
1365101,02-04-2023,29.3,12,0.0,1,50.7,235,4.976813021604454,29.3,4.6351084812623276
1365101,02-04-2023,25.2,17,0.0,0,35.0,118,4.105249091654201,0.0,3.3714285714285714
1365102,02-04-2023,29.3,12,0.0,1,51.3,267,4.41756608573771,29.3,5.2046783625731
1365102,02-04-2023,25.2,17,0.0,0,49.7,239,4.596095767539074,0.0,4.808853118712273
1365103,04-04-2023,29.0,18,0.0,1,52.0,267,4.596095767539074,29.0,5.134615384615385
1365103,04-04-2023,25.9,19,0.0,0,43.0,156,4.479455044709109,0.0,3.627906976744186
1365104,04-04-2023,29.0,18,0.0,1,51.3,231,4.976813021604454,29.0,4.502923976608187
1365104,04-04-2023,25.9,19,0.0,0,49.0,206,4.730353430910044,0.0,4.204081632653061
1365105,05-04-2023,29.5,17,0.0,1,52.2,284,4.41756608573771,29.5,5.440613026819923
1365105,05-04-2023,26.3,17,0.0,0,46.0,218,4.730353430910044,0.0,4.739130434782608
1365106,05-04-2023,29.5,17,0.0,1,51.5,218,4.479455044709109,29.5,4.233009708737864
1365106,05-04-2023,26.3,17,0.0,0,37.7,128,4.105249091654201,0.0,3.395225464190981
1365552,14-05-2023,17.1,63,0.4,1,50.8,274,5.176671308816868,17.1,5.393700787401575
1365552,14-05-2023,15.5,81,0.4,0,51.5,269,5.272204648893497,0.0,5.223300970873787
1367985,21-04-2023,32.8,62,0.0,1,51.7,310,4.769523568420198,32.8,5.996131528046421
1367985,21-04-2023,28.6,75,0.0,0,47.5,226,4.528389084971718,0.0,4.757894736842105
1368000,29-04-2023,23.4,40,0.0,1,50.5,236,4.41756608573771,23.4,4.673267326732673
1368000,29-04-2023,16.8,80,0.0,0,43.5,190,4.528389084971718,0.0,4.367816091954023
1368002,01-05-2023,26.1,78,4.8,1,34.7,117,4.41756608573771,26.1,3.3717579250720457
1368002,01-05-2023,25.4,84,4.8,0,30.7,118,4.769523568420198,0.0,3.8436482084690553
1373571,07-09-2023,22.6,10,0.0,1,50.3,222,5.784552542299042,22.6,4.41351888667992
1373571,07-09-2023,13.8,18,0.0,0,43.0,225,5.797720718684014,0.0,5.232558139534884
1373572,09-09-2023,30.8,8,0.0,1,51.5,392,5.797720718684014,30.8,7.611650485436893
1373572,09-09-2023,21.6,15,0.0,0,42.2,269,5.784552542299042,0.0,6.374407582938388
1373573,12-09-2023,17.3,36,0.0,1,51.5,338,5.784552542299042,17.3,6.563106796116505
1373573,12-09-2023,13.9,46,0.0,0,35.3,227,5.797720718684014,0.0,6.430594900849859
1373574,15-09-2023,27.7,19,0.0,1,51.8,416,5.784552542299042,27.7,8.03088803088803
1373574,15-09-2023,20.0,30,0.0,0,36.3,252,5.797720718684014,0.0,6.942148760330579
1373575,17-09-2023,24.5,8,0.0,1,51.3,315,5.784552542299042,24.5,6.140350877192983
1373575,17-09-2023,15.9,15,0.0,0,34.7,193,5.797720718684014,0.0,5.561959654178674
1373576,03-12-2023,27.0,73,0.1,1,50.8,325,6.032587926403035,27.0,6.397637795275591
1373576,03-12-2023,28.0,69,0.1,0,50.3,326,5.299663432299572,0.0,6.4811133200795235
1373577,06-12-2023,27.8,74,0.1,1,40.5,202,5.299663432299572,27.8,4.987654320987654
1373577,06-12-2023,27.5,76,0.1,0,33.2,206,6.032587926403035,0.0,6.204819277108434
1373578,09-12-2023,28.4,67,1.8,1,41.0,206,6.032587926403035,28.4,5.024390243902439
1373578,09-12-2023,26.2,76,1.8,0,32.3,191,5.299663432299572,0.0,5.913312693498453
1375847,02-02-2024,19.6,56,0.0,1,49.7,231,5.299663432299572,19.6,4.647887323943662
1375847,02-02-2024,16.7,65,0.0,0,39.3,232,5.797720718684014,0.0,5.903307888040713
1375848,04-02-2024,29.7,62,0.0,1,51.3,258,5.797720718684014,29.7,5.029239766081871
1375848,04-02-2024,26.2,83,0.0,0,43.8,175,5.299663432299572,0.0,3.995433789954338
1375849,06-02-2024,22.5,72,13.9,1,25.5,86,5.299663432299572,22.5,3.372549019607843
1375849,06-02-2024,16.6,75,13.9,0,7.3,87,5.797720718684014,0.0,11.917808219178083
1377005,04-06-2023,35.0,55,0.0,1,49.0,202,4.41756608573771,35.0,4.122448979591836
1377005,04-06-2023,31.5,61,0.0,0,35.8,206,5.299663432299572,0.0,5.754189944134079
1377006,06-06-2023,36.7,37,0.0,1,50.8,306,5.299663432299572,36.7,6.0236220472440944
1377006,06-06-2023,33.5,50,0.0,0,51.5,228,4.41756608573771,0.0,4.427184466019417
1377007,09-06-2023,36.7,39,0.0,1,37.3,184,4.41756608573771,36.7,4.9329758713136735
1377007,09-06-2023,32.2,58,0.0,0,36.5,185,5.299663432299572,0.0,5.068493150684931
1377746,18-06-2023,23.6,25,0.0,1,51.5,290,4.769523568420198,23.6,5.631067961165049
1377746,18-06-2023,15.2,42,0.0,0,45.3,291,5.057582761592188,0.0,6.423841059602649
1377747,18-06-2023,25.0,20,0.0,1,51.2,297,5.299663432299572,25.0,5.80078125
1377747,18-06-2023,15.7,39,0.0,0,52.0,258,4.976813021604454,0.0,4.961538461538462
1377748,19-06-2023,25.0,17,0.0,1,50.8,355,5.1490707495601455,25.0,6.988188976377953
1377748,19-06-2023,17.5,23,0.0,0,39.3,180,4.41756608573771,0.0,4.580152671755726
1377749,19-06-2023,25.0,17,0.0,1,51.2,281,5.272204648893497,25.0,5.48828125
1377749,19-06-2023,17.5,23,0.0,0,49.5,285,4.528389084971718,0.0,5.757575757575758
1377750,20-06-2023,24.8,13,0.0,1,52.5,315,4.828573143508959,24.8,6.0
1377750,20-06-2023,17.0,22,0.0,0,41.7,319,5.057582761592188,0.0,7.649880095923261
1377751,20-06-2023,25.1,13,0.0,1,50.0,207,4.976813021604454,25.1,4.14
1377751,20-06-2023,17.0,22,0.0,0,44.5,211,4.769523568420198,0.0,4.741573033707865
1377752,21-06-2023,24.6,12,0.0,1,52.3,286,5.272204648893497,24.6,5.468451242829828
1377752,21-06-2023,17.0,27,0.0,0,51.0,289,5.320902642880173,0.0,5.666666666666667
1377753,21-06-2023,24.6,12,0.0,1,50.7,227,4.41756608573771,24.6,4.4773175542406305
1377753,21-06-2023,17.0,27,0.0,0,47.2,228,4.528389084971718,0.0,4.830508474576271
1377754,22-06-2023,23.5,13,0.0,1,51.2,339,5.299663432299572,23.5,6.62109375
1377754,22-06-2023,14.9,34,0.0,0,51.8,238,4.769523568420198,0.0,4.594594594594595
1377755,22-06-2023,23.8,13,0.0,1,50.5,211,4.976813021604454,23.8,4.178217821782178
1377755,22-06-2023,15.4,35,0.0,0,43.7,214,4.828573143508959,0.0,4.897025171624714
1377756,23-06-2023,20.1,42,0.0,1,31.3,98,4.528389084971718,20.1,3.130990415335463
1377756,23-06-2023,14.4,60,0.0,0,15.2,100,5.1490707495601455,0.0,6.578947368421053
1377757,23-06-2023,20.1,42,0.0,1,51.0,282,5.320902642880173,20.1,5.529411764705882
1377757,23-06-2023,14.4,60,0.0,0,35.5,171,4.41756608573771,0.0,4.816901408450704
1377758,24-06-2023,21.3,26,0.0,1,51.8,268,5.057582761592188,21.3,5.173745173745174
1377758,24-06-2023,13.2,50,0.0,0,46.5,233,5.299663432299572,0.0,5.010752688172043
1377759,24-06-2023,22.2,24,0.0,1,45.8,167,4.769523568420198,22.2,3.646288209606987
1377759,24-06-2023,14.2,43,0.0,0,27.5,168,4.828573143508959,0.0,6.109090909090909
1377760,25-06-2023,22.4,16,0.0,1,52.5,325,5.1490707495601455,22.4,6.190476190476191
1377760,25-06-2023,14.9,28,0.0,0,31.5,192,5.272204648893497,0.0,6.095238095238095
1377761,25-06-2023,22.4,16,0.0,1,50.8,320,5.320902642880173,22.4,6.299212598425197
1377761,25-06-2023,14.9,28,0.0,0,50.7,244,4.528389084971718,0.0,4.812623274161735
1377762,26-06-2023,19.5,23,0.0,1,50.2,408,5.057582761592188,19.5,8.127490039840637
1377762,26-06-2023,12.4,50,0.0,0,26.8,104,4.976813021604454,0.0,3.8805970149253732
1377763,26-06-2023,20.4,22,0.0,1,51.0,374,5.299663432299572,20.4,7.333333333333333
1377763,26-06-2023,13.1,47,0.0,0,51.2,374,4.828573143508959,0.0,7.3046875
1377764,27-06-2023,22.0,23,0.0,1,50.5,245,5.1490707495601455,22.0,4.851485148514851
1377764,27-06-2023,13.2,44,0.0,0,30.0,163,5.320902642880173,0.0,5.433333333333334
1377765,27-06-2023,22.0,23,0.0,1,50.7,349,5.272204648893497,22.0,6.883629191321498
1377765,27-06-2023,13.2,44,0.0,0,40.5,211,4.41756608573771,0.0,5.209876543209877
1377766,29-06-2023,24.0,25,0.0,1,50.7,332,5.057582761592188,24.0,6.548323471400394
1377766,29-06-2023,17.0,42,0.0,0,52.7,318,4.528389084971718,0.0,6.03415559772296
1377767,30-06-2023,23.4,23,0.0,1,49.5,213,5.1490707495601455,23.4,4.303030303030303
1377767,30-06-2023,16.7,34,0.0,0,41.0,192,4.828573143508959,0.0,4.682926829268292
1377768,30-06-2023,25.2,21,0.0,1,43.5,196,4.976813021604454,25.2,4.505747126436781
1377768,30-06-2023,19.0,35,0.0,0,34.5,197,5.272204648893497,0.0,5.7101449275362315
1377769,01-07-2023,22.4,23,0.0,1,45.2,181,5.299663432299572,22.4,4.004424778761062
1377769,01-07-2023,16.1,40,0.0,0,44.3,185,5.320902642880173,0.0,4.17607223476298
1377770,02-07-2023,22.2,29,0.0,1,34.5,165,5.057582761592188,22.2,4.782608695652174
1377770,02-07-2023,15.6,40,0.0,0,34.2,169,5.1490707495601455,0.0,4.9415204678362565
1377771,02-07-2023,20.1,28,0.0,1,47.8,181,4.41756608573771,20.1,3.786610878661088
1377771,02-07-2023,14.4,44,0.0,0,44.5,185,4.769523568420198,0.0,4.157303370786517
1377772,03-07-2023,18.3,40,0.4,1,50.3,362,4.828573143508959,18.3,7.196819085487078
1377772,03-07-2023,14.1,57,0.4,0,46.2,246,4.528389084971718,0.0,5.324675324675324
1377773,04-07-2023,20.5,30,0.0,1,50.7,234,5.320902642880173,20.5,4.615384615384615
1377773,04-07-2023,15.8,38,0.0,0,42.0,203,5.057582761592188,0.0,4.833333333333333
1377774,04-07-2023,18.5,38,0.0,1,52.3,268,4.769523568420198,18.5,5.124282982791588
1377774,04-07-2023,16.0,48,0.0,0,51.0,269,5.272204648893497,0.0,5.2745098039215685
1377775,05-07-2023,20.3,26,0.0,1,51.7,221,4.528389084971718,20.3,4.274661508704062
1377775,05-07-2023,14.2,40,0.0,0,40.8,222,5.299663432299572,0.0,5.4411764705882355
1377776,06-07-2023,19.0,30,0.0,1,50.7,277,5.320902642880173,19.0,5.463510848126233
1377776,06-07-2023,13.0,54,0.0,0,44.5,278,4.828573143508959,0.0,6.247191011235955
1377777,06-07-2023,20.5,26,0.0,1,52.7,308,4.41756608573771,20.5,5.844402277039848
1377777,06-07-2023,13.5,49,0.0,0,51.0,307,4.976813021604454,0.0,6.019607843137255
1377778,07-07-2023,19.6,34,0.0,1,49.5,243,5.299663432299572,19.6,4.909090909090909
1377778,07-07-2023,13.6,54,0.0,0,45.2,244,5.1490707495601455,0.0,5.398230088495575
1377779,09-07-2023,21.4,26,0.0,1,48.3,233,5.1490707495601455,21.4,4.824016563146998
1377779,09-07-2023,15.8,41,0.0,0,24.5,105,4.828573143508959,0.0,4.285714285714286
1381214,27-07-2023,29.0,74,2.7,1,24.2,114,5.299663432299572,29.0,4.710743801652892
1381214,27-07-2023,27.4,79,2.7,0,23.5,118,5.80615212028422,0.0,5.0212765957446805
1381215,29-07-2023,29.0,72,2.8,1,42.2,181,5.80615212028422,29.0,4.289099526066351
1381215,29-07-2023,26.2,87,2.8,0,37.5,182,5.299663432299572,0.0,4.8533333333333335
1381216,01-08-2023,24.3,80,2.8,1,51.3,351,5.80615212028422,24.3,6.842105263157895
1381216,01-08-2023,21.5,82,2.8,0,36.5,151,5.299663432299572,0.0,4.136986301369863
1384392,05-10-2023,32.8,49,0.0,1,50.7,282,6.032587926403035,32.8,5.562130177514793
1384392,05-10-2023,28.4,59,0.0,0,36.8,283,5.587714843246483,0.0,7.690217391304349
1384393,06-10-2023,31.9,36,0.0,1,50.3,286,5.415227161390376,31.9,5.685884691848907
1384393,06-10-2023,23.5,62,0.0,0,42.5,205,4.828573143508959,0.0,4.823529411764706
1384395,07-10-2023,35.0,44,0.0,1,52.3,428,5.784552542299042,35.0,8.183556405353729
1384395,07-10-2023,27.2,71,0.0,0,46.7,326,5.1490707495601455,0.0,6.980728051391862
1384396,08-10-2023,30.6,77,0.1,1,50.5,199,5.797720718684014,30.6,3.9405940594059405
1384396,08-10-2023,28.0,91,0.1,0,42.3,201,5.80615212028422,0.0,4.75177304964539
1384397,09-10-2023,32.5,37,0.0,1,50.7,322,5.587714843246483,32.5,6.351084812623274
1384397,09-10-2023,26.2,67,0.0,0,46.8,223,4.828573143508959,0.0,4.764957264957265
1384398,10-10-2023,24.4,43,0.0,1,50.7,364,6.032587926403035,24.4,7.179487179487179
1384398,10-10-2023,19.3,47,0.0,0,48.8,227,5.176671308816868,0.0,4.651639344262295
1384399,10-10-2023,31.8,43,14.4,1,51.7,344,5.1490707495601455,31.8,6.653771760154738
1384399,10-10-2023,23.0,91,14.4,0,50.5,345,5.415227161390376,0.0,6.8316831683168315
1384401,12-10-2023,33.0,31,0.0,1,51.2,311,5.784552542299042,33.0,6.07421875
1384401,12-10-2023,25.2,67,0.0,0,42.3,177,5.797720718684014,0.0,4.184397163120567
1384402,13-10-2023,29.1,78,2.1,1,51.3,245,5.176671308816868,29.1,4.775828460038986
1384402,13-10-2023,27.6,88,2.1,0,44.5,248,5.587714843246483,0.0,5.573033707865169
1384403,14-10-2023,34.3,38,0.0,1,43.0,191,5.415227161390376,34.3,4.441860465116279
1384403,14-10-2023,28.1,55,0.0,0,30.7,192,5.80615212028422,0.0,6.254071661237785
1384405,16-10-2023,29.5,60,9.2,1,45.0,209,5.1490707495601455,29.5,4.644444444444445
1384405,16-10-2023,22.8,92,9.2,0,35.8,215,5.797720718684014,0.0,6.005586592178771
1384406,17-10-2023,16.1,70,0.5,1,46.0,245,4.828573143508959,16.1,5.326086956521739
1384406,17-10-2023,14.4,57,0.5,0,43.8,207,5.784552542299042,0.0,4.726027397260275
1384408,19-10-2023,30.4,44,0.1,1,50.8,256,5.176671308816868,30.4,5.039370078740157
1384408,19-10-2023,22.6,77,0.1,0,42.2,261,5.80615212028422,0.0,6.184834123222749
1384409,20-10-2023,31.0,30,0.0,1,52.2,367,5.797720718684014,31.0,7.030651340996168
1384409,20-10-2023,24.2,57,0.0,0,47.3,305,5.415227161390376,0.0,6.448202959830867
1384410,21-10-2023,29.8,37,0.0,1,53.2,262,4.828573143508959,29.8,4.924812030075188
1384410,21-10-2023,21.5,63,0.0,0,49.5,263,5.1490707495601455,0.0,5.313131313131313
1384411,21-10-2023,33.8,43,0.1,1,51.7,399,5.784552542299042,33.8,7.717601547388781
1384411,21-10-2023,28.8,69,0.1,0,23.0,170,6.032587926403035,0.0,7.391304347826087
1384412,22-10-2023,20.0,50,0.0,1,51.2,273,5.587714843246483,20.0,5.33203125
1384412,22-10-2023,15.7,69,0.0,0,48.7,274,5.80615212028422,0.0,5.626283367556468
1384414,24-10-2023,32.8,55,0.0,1,51.2,382,5.784552542299042,32.8,7.4609375
1384414,24-10-2023,28.6,69,0.0,0,49.0,233,5.176671308816868,0.0,4.755102040816326
1384415,25-10-2023,30.4,29,0.0,1,52.0,399,5.797720718684014,30.4,7.673076923076923
1384415,25-10-2023,22.2,60,0.0,0,22.2,90,4.828573143508959,0.0,4.054054054054054
1384416,26-10-2023,29.8,30,0.0,1,34.0,156,6.032587926403035,29.8,4.588235294117647
1384416,26-10-2023,24.7,41,0.0,0,26.2,160,5.1490707495601455,0.0,6.106870229007634
1384417,27-10-2023,30.0,66,1.4,1,49.2,270,5.415227161390376,30.0,5.48780487804878
1384417,27-10-2023,27.2,85,1.4,0,49.0,271,5.784552542299042,0.0,5.530612244897959
1384418,28-10-2023,20.4,59,0.0,1,50.7,388,5.797720718684014,20.4,7.652859960552268
1384418,28-10-2023,16.6,72,0.0,0,52.3,383,5.587714843246483,0.0,7.323135755258127
1384419,28-10-2023,29.1,55,0.2,1,51.0,229,4.828573143508959,29.1,4.490196078431373
1384419,28-10-2023,26.4,70,0.2,0,43.3,142,5.176671308816868,0.0,3.2794457274826794
1384420,29-10-2023,30.1,36,0.0,1,50.5,229,5.80615212028422,30.1,4.534653465346534
1384420,29-10-2023,23.0,61,0.0,0,35.8,129,6.032587926403035,0.0,3.603351955307263
1384422,31-10-2023,30.6,53,0.0,1,46.0,204,5.176671308816868,30.6,4.434782608695652
1384422,31-10-2023,26.0,78,0.0,0,32.8,205,5.415227161390376,0.0,6.250000000000001
1384423,01-11-2023,30.2,33,0.0,1,51.3,357,5.784552542299042,30.2,6.959064327485381
1384423,01-11-2023,21.5,55,0.0,0,36.0,167,5.587714843246483,0.0,4.638888888888889
1384424,02-11-2023,32.3,46,0.0,1,51.5,357,5.80615212028422,32.3,6.932038834951456
1384424,02-11-2023,28.2,63,0.0,0,20.3,55,5.1490707495601455,0.0,2.70935960591133
1384426,04-11-2023,24.4,75,4.8,1,52.3,401,5.587714843246483,24.4,7.667304015296367
1384426,04-11-2023,20.9,95,4.8,0,26.0,200,5.415227161390376,0.0,7.6923076923076925
1384427,04-11-2023,34.1,25,0.0,1,50.2,286,5.797720718684014,34.1,5.697211155378485
1384427,04-11-2023,24.5,49,0.0,0,49.5,253,6.032587926403035,0.0,5.111111111111111
1384428,05-11-2023,29.6,59,9.7,1,53.3,326,5.80615212028422,29.6,6.1163227016885555
1384428,05-11-2023,24.3,87,9.7,0,27.5,83,5.784552542299042,0.0,3.018181818181818
1384429,06-11-2023,29.3,29,0.0,1,50.2,279,5.1490707495601455,29.3,5.557768924302788
1384429,06-11-2023,19.9,73,0.0,0,42.8,282,5.176671308816868,0.0,6.588785046728972
1384431,08-11-2023,30.3,51,1.6,1,52.8,339,6.032587926403035,30.3,6.420454545454546
1384431,08-11-2023,22.0,94,1.6,0,38.0,179,4.828573143508959,0.0,4.7105263157894735
1384432,09-11-2023,23.6,80,6.4,1,47.2,171,5.1490707495601455,23.6,3.6228813559322033
1384432,09-11-2023,21.6,83,6.4,0,23.7,172,5.587714843246483,0.0,7.257383966244726
1384434,11-11-2023,30.7,45,0.0,1,51.7,306,5.176671308816868,30.7,5.918762088974854
1384434,11-11-2023,22.7,73,0.0,0,45.3,307,5.797720718684014,0.0,6.777041942604857
1384435,11-11-2023,29.6,51,0.0,1,50.7,337,6.032587926403035,29.6,6.646942800788954
1384435,11-11-2023,23.9,76,0.0,0,44.3,244,5.415227161390376,0.0,5.507900677200904
1384436,12-11-2023,27.0,51,0.0,1,52.3,410,5.80615212028422,27.0,7.839388145315488
1384436,12-11-2023,20.0,68,0.0,0,48.5,250,4.828573143508959,0.0,5.154639175257732
1384437,15-11-2023,31.6,48,0.0,1,51.0,397,5.80615212028422,31.6,7.784313725490196
1384437,15-11-2023,27.5,72,0.0,0,50.8,327,5.587714843246483,0.0,6.437007874015748
1384438,16-11-2023,24.1,95,13.4,1,50.8,212,5.784552542299042,24.1,4.1732283464566935
1384438,16-11-2023,22.8,93,13.4,0,49.7,215,5.797720718684014,0.0,4.325955734406438
1384439,19-11-2023,32.5,31,0.0,1,51.2,240,5.80615212028422,32.5,4.6875
1384439,19-11-2023,25.9,43,0.0,0,43.7,241,5.797720718684014,0.0,5.5148741418764295
1385700,19-09-2024,20.3,62,0.0,1,51.2,315,6.032587926403035,20.3,6.15234375
1385700,19-09-2024,14.4,88,0.0,0,45.0,317,5.797720718684014,0.0,7.044444444444444
1385701,21-09-2024,19.5,67,0.1,1,46.3,270,5.797720718684014,19.5,5.831533477321814
1385701,21-09-2024,14.7,88,0.1,0,42.3,202,6.032587926403035,0.0,4.775413711583925
1385702,24-09-2024,13.9,64,1.4,1,51.5,304,5.797720718684014,13.9,5.902912621359223
1385702,24-09-2024,9.9,84,1.4,0,39.5,254,6.032587926403035,0.0,6.430379746835443
1385703,27-09-2024,12.1,73,2.9,1,40.3,312,6.032587926403035,12.1,7.741935483870968
1385703,27-09-2024,9.1,69,2.9,0,26.2,126,5.797720718684014,0.0,4.809160305343512
1385704,29-09-2024,13.3,67,19.3,1,49.7,309,6.032587926403035,13.3,6.217303822937625
1385704,29-09-2024,11.8,82,19.3,0,21.2,165,5.797720718684014,0.0,7.783018867924529
1387600,17-12-2023,26.4,39,0.4,1,29.2,116,5.784552542299042,26.4,3.9726027397260273
1387600,17-12-2023,19.8,66,0.4,0,17.3,117,5.80615212028422,0.0,6.763005780346821
1387601,19-12-2023,22.9,62,0.1,1,48.2,211,5.80615212028422,22.9,4.37759336099585
1387601,19-12-2023,19.9,83,0.1,0,43.5,215,5.784552542299042,0.0,4.942528735632184
1387602,21-12-2023,31.9,29,0.0,1,51.8,296,5.80615212028422,31.9,5.714285714285714
1387602,21-12-2023,25.7,42,0.0,0,47.8,218,5.784552542299042,0.0,4.560669456066946
1388211,20-12-2023,19.8,67,0.0,1,50.7,291,5.176671308816868,19.8,5.739644970414201
1388211,20-12-2023,16.9,83,0.0,0,47.5,296,5.587714843246483,0.0,6.231578947368421
1388212,23-12-2023,23.3,65,0.1,1,32.2,98,5.587714843246483,23.3,3.043478260869565
1388212,23-12-2023,20.3,70,0.1,0,16.2,99,5.176671308816868,0.0,6.111111111111112
1388392,30-08-2023,37.4,43,0.0,1,51.5,342,5.415227161390376,37.4,6.640776699029126
1388392,30-08-2023,31.6,62,0.0,0,24.3,104,4.769523568420198,0.0,4.279835390946502
1388393,31-08-2023,27.7,73,6.0,1,43.5,164,5.176671308816868,27.7,3.7701149425287355
1388393,31-08-2023,23.3,97,6.0,0,40.0,165,5.1490707495601455,0.0,4.125
1388394,02-09-2023,26.8,73,0.8,1,50.7,266,5.80615212028422,26.8,5.2465483234714005
1388398,04-09-2023,24.8,83,6.1,1,48.8,230,4.769523568420198,24.8,4.713114754098361
1388398,04-09-2023,23.6,87,6.1,0,20.8,147,5.80615212028422,0.0,7.067307692307692
1388401,06-09-2023,37.5,35,0.0,1,39.2,193,5.176671308816868,37.5,4.923469387755102
1388401,06-09-2023,32.7,51,0.0,0,39.8,194,5.415227161390376,0.0,4.874371859296483
1388403,09-09-2023,27.0,81,14.7,1,51.5,257,5.1490707495601455,27.0,4.990291262135922
1388403,09-09-2023,24.5,95,14.7,0,50.2,236,5.176671308816868,0.0,4.701195219123505
1388406,10-09-2023,26.1,88,36.4,1,50.8,356,5.80615212028422,26.1,7.0078740157480315
1388406,10-09-2023,25.4,90,36.4,0,33.0,128,5.415227161390376,0.0,3.878787878787879
1388407,12-09-2023,28.1,76,14.7,1,51.2,213,5.80615212028422,28.1,4.16015625
1388407,12-09-2023,27.4,81,14.7,0,42.3,172,5.1490707495601455,0.0,4.0661938534278965
1388410,14-09-2023,27.1,82,17.5,1,44.3,252,5.415227161390376,27.1,5.6884875846501135
1388410,14-09-2023,24.7,94,17.5,0,42.8,252,5.1490707495601455,0.0,5.88785046728972
1388412,15-09-2023,28.4,78,2.9,1,51.2,265,5.176671308816868,28.4,5.17578125
1388412,15-09-2023,26.4,88,2.9,0,51.5,259,5.80615212028422,0.0,5.029126213592233
1388414,17-09-2023,28.0,77,11.3,1,15.8,50,5.1490707495601455,28.0,3.1645569620253164
1388414,17-09-2023,25.6,91,11.3,0,6.2,51,5.80615212028422,0.0,8.225806451612902
1389388,22-09-2023,31.9,56,0.1,1,50.3,276,5.797720718684014,31.9,5.487077534791252
1389388,22-09-2023,27.1,76,0.1,0,49.2,281,5.80615212028422,0.0,5.711382113821138
1389389,24-09-2023,29.4,71,5.2,1,51.7,399,5.80615212028422,29.4,7.717601547388781
1389389,24-09-2023,25.0,92,5.2,0,28.8,217,5.797720718684014,0.0,7.534722222222222
1389390,27-09-2023,30.4,74,11.6,1,51.3,352,5.797720718684014,30.4,6.8615984405458095
1389390,27-09-2023,26.4,95,11.6,0,50.5,286,5.80615212028422,0.0,5.663366336633663
1395700,21-09-2023,27.6,89,11.9,1,34.7,136,5.587714843246483,27.6,3.9193083573487026
1395701,23-09-2023,27.8,85,14.5,1,50.5,254,5.587714843246483,27.8,5.02970297029703
1395701,23-09-2023,27.2,90,14.5,0,42.0,168,5.176671308816868,0.0,4.0
1395702,26-09-2023,33.3,60,0.0,1,35.5,171,5.176671308816868,33.3,4.816901408450704
1395702,26-09-2023,29.2,83,0.0,0,35.2,175,5.587714843246483,0.0,4.971590909090908
1408102,17-12-2023,17.1,84,3.6,1,31.3,239,5.587714843246483,17.1,7.635782747603834
1408102,17-12-2023,12.9,82,3.6,0,31.2,200,5.176671308816868,0.0,6.410256410256411
1408106,13-12-2023,20.2,86,23.7,1,25.8,121,5.057582761592188,20.2,4.6899224806201545
1408107,15-12-2023,24.2,63,0.0,1,44.2,166,5.057582761592188,24.2,3.755656108597285
1408107,15-12-2023,20.9,79,0.0,0,41.0,170,5.272204648893497,0.0,4.146341463414634
1408108,17-12-2023,21.7,81,6.8,1,41.2,197,5.057582761592188,21.7,4.781553398058252
1408108,17-12-2023,20.0,88,6.8,0,38.8,204,5.272204648893497,0.0,5.257731958762887
1412539,06-01-2024,27.8,81,7.8,1,50.7,273,5.1490707495601455,27.8,5.384615384615384
1412539,06-01-2024,24.9,97,7.8,0,4.0,12,5.057582761592188,0.0,3.0
1412540,08-01-2024,26.8,85,15.7,1,45.3,208,5.057582761592188,26.8,4.591611479028698
1412540,08-01-2024,24.9,96,15.7,0,50.0,211,5.1490707495601455,0.0,4.22
1412541,11-01-2024,26.4,89,9.2,1,23.2,96,5.057582761592188,26.4,4.137931034482759
1412541,11-01-2024,24.1,96,9.2,0,17.2,97,5.1490707495601455,0.0,5.6395348837209305
1419827,13-03-2024,29.5,65,0.0,1,50.5,255,5.1490707495601455,29.5,5.0495049504950495
1419827,13-03-2024,25.2,89,0.0,0,46.2,257,5.176671308816868,0.0,5.562770562770562
1419828,15-03-2024,30.0,62,0.2,1,51.2,286,5.176671308816868,30.0,5.5859375
1419828,15-03-2024,24.8,92,0.2,0,49.0,287,5.1490707495601455,0.0,5.857142857142857
1419829,18-03-2024,34.7,32,0.0,1,52.0,235,5.1490707495601455,34.7,4.519230769230769
1419829,18-03-2024,28.0,56,0.0,0,41.5,237,5.176671308816868,0.0,5.710843373493976
1420220,08-02-2024,26.5,74,2.1,1,51.8,224,4.769523568420198,26.5,4.324324324324325
1420220,08-02-2024,23.6,90,2.1,0,49.5,217,4.479455044709109,0.0,4.383838383838384
1420221,10-02-2024,25.9,59,0.0,1,51.2,285,4.479455044709109,25.9,5.56640625
1420221,10-02-2024,21.8,80,0.0,0,46.3,287,4.769523568420198,0.0,6.198704103671707
1420222,12-02-2024,26.5,63,0.0,1,51.2,232,4.479455044709109,26.5,4.53125
1420222,12-02-2024,21.9,86,0.0,0,44.8,229,4.769523568420198,0.0,5.111607142857143
1420529,15-02-2024,27.0,68,0.0,1,41.7,132,4.769523568420198,27.0,3.1654676258992804
1420529,15-02-2024,22.6,93,0.0,0,33.7,134,4.596095767539074,0.0,3.976261127596439
1420530,17-02-2024,27.9,74,0.0,1,39.7,137,4.828573143508959,27.9,3.45088161209068
1420530,17-02-2024,24.2,88,0.0,0,15.7,141,4.769523568420198,0.0,8.980891719745223
1420531,19-02-2024,29.1,65,0.0,1,36.2,123,4.596095767539074,29.1,3.3977900552486187
1420531,19-02-2024,26.0,73,0.0,0,27.7,124,4.828573143508959,0.0,4.476534296028881
1420532,21-02-2024,30.5,49,0.0,1,37.7,168,4.769523568420198,30.5,4.456233421750663
1420532,21-02-2024,27.0,57,0.0,0,40.7,172,4.596095767539074,0.0,4.226044226044226
1420533,23-02-2024,28.2,66,4.1,1,42.8,203,4.596095767539074,28.2,4.742990654205608
1420533,23-02-2024,25.8,85,4.1,0,44.7,179,4.828573143508959,0.0,4.004474272930649
1420534,25-02-2024,28.4,65,0.3,1,51.0,172,4.769523568420198,28.4,3.372549019607843
1420534,25-02-2024,24.1,83,0.3,0,38.0,173,4.828573143508959,0.0,4.552631578947368
1421069,28-02-2024,23.1,58,0.0,1,49.0,194,4.41756608573771,23.1,3.9591836734693877
1421069,28-02-2024,21.4,70,0.0,0,48.8,198,4.479455044709109,0.0,4.057377049180328
1421070,01-03-2024,21.8,41,0.0,1,50.7,215,5.320902642880173,21.8,4.240631163708087
1421070,01-03-2024,18.9,45,0.0,0,42.0,220,4.479455044709109,0.0,5.238095238095238
1421071,03-03-2024,22.9,37,0.0,1,45.7,132,4.41756608573771,22.9,2.888402625820569
1421071,03-03-2024,19.6,48,0.0,0,24.2,137,5.320902642880173,0.0,5.661157024793389
1421072,05-03-2024,24.6,70,7.4,1,51.0,241,4.479455044709109,24.6,4.7254901960784315
1421072,05-03-2024,20.2,88,7.4,0,46.7,228,4.41756608573771,0.0,4.882226980728051
1421073,07-03-2024,23.3,56,0.0,1,48.8,197,5.320902642880173,23.3,4.036885245901639
1421073,07-03-2024,19.8,87,0.0,0,46.0,200,4.479455044709109,0.0,4.3478260869565215
1421074,04-05-2025,11.4,60,0.4,1,50.5,225,4.41756608573771,11.4,4.455445544554456
1421074,04-05-2025,9.6,66,0.4,0,47.5,226,5.320902642880173,0.0,4.757894736842105
1426549,04-11-2024,16.7,61,0.1,1,47.3,203,5.415227161390376,16.7,4.291754756871036
1426549,04-11-2024,14.1,71,0.1,0,35.5,204,5.797720718684014,0.0,5.746478873239437
1426550,08-11-2024,18.5,43,0.3,1,36.0,163,5.797720718684014,18.5,4.527777777777778
1426550,08-11-2024,13.8,69,0.3,0,27.0,169,5.415227161390376,0.0,6.2592592592592595
1426551,10-11-2024,23.0,44,0.0,1,33.8,140,5.797720718684014,23.0,4.142011834319527
1426551,10-11-2024,17.0,73,0.0,0,27.5,143,5.415227161390376,0.0,5.2
1428956,16-07-2024,17.2,87,5.3,1,38.8,123,4.528389084971718,17.2,3.1701030927835054
1428956,16-07-2024,16.1,96,5.3,0,13.0,99,5.320902642880173,0.0,7.615384615384615
1428957,18-07-2024,18.5,69,1.1,1,52.3,233,4.528389084971718,18.5,4.455066921606119
1428957,18-07-2024,17.0,79,1.1,0,48.5,234,4.596095767539074,0.0,4.824742268041237
1428958,20-07-2024,19.6,67,7.3,1,51.7,290,5.320902642880173,19.6,5.6092843326885875
1428958,20-07-2024,15.6,99,7.3,0,45.7,235,4.596095767539074,0.0,5.142231947483588
1428959,22-07-2024,15.6,82,0.5,1,22.7,91,4.528389084971718,15.6,4.008810572687225
1428959,22-07-2024,14.2,91,0.5,0,18.3,95,5.320902642880173,0.0,5.191256830601093
1428960,24-07-2024,17.6,74,0.1,1,51.0,196,4.596095767539074,17.6,3.843137254901961
1428960,24-07-2024,16.8,83,0.1,0,49.8,197,4.528389084971718,0.0,3.955823293172691
1428961,26-07-2024,17.5,58,0.2,1,51.2,301,5.320902642880173,17.5,5.87890625
1428961,26-07-2024,16.0,66,0.2,0,41.2,163,4.596095767539074,0.0,3.9563106796116503
1431088,02-10-2024,39.6,26,0.0,1,51.0,271,5.784552542299042,39.6,5.313725490196078
1431088,02-10-2024,33.7,53,0.0,0,32.5,132,5.272204648893497,0.0,4.061538461538461
1431089,04-10-2024,36.7,49,0.0,1,50.8,343,5.784552542299042,36.7,6.751968503937008
1431089,04-10-2024,32.7,60,0.0,0,32.0,169,5.272204648893497,0.0,5.28125
1431090,07-10-2024,39.3,18,0.0,1,51.3,284,5.272204648893497,39.3,5.5360623781676415
1431090,07-10-2024,34.1,40,0.0,0,47.7,215,5.784552542299042,0.0,4.5073375262054505
1432214,17-12-2024,23.2,39,0.0,1,50.7,239,5.784552542299042,23.2,4.714003944773175
1432214,17-12-2024,17.2,56,0.0,0,50.8,242,5.415227161390376,0.0,4.7637795275590555
1432215,19-12-2024,24.0,48,0.0,1,51.3,329,5.415227161390376,24.0,6.413255360623782
1432215,19-12-2024,18.5,69,0.0,0,43.8,248,5.784552542299042,0.0,5.662100456621005
1432216,22-12-2024,20.8,69,2.2,1,49.5,308,5.415227161390376,20.8,6.222222222222222
1432216,22-12-2024,18.2,84,2.2,0,43.2,271,5.784552542299042,0.0,6.273148148148148
1433370,31-10-2024,26.6,76,51.2,1,46.2,209,6.032587926403035,26.6,4.523809523809524
1433370,31-10-2024,25.0,86,51.2,0,26.7,157,5.299663432299572,0.0,5.880149812734083
1433371,02-11-2024,25.8,86,16.4,1,51.0,328,5.299663432299572,25.8,6.431372549019608
1433371,02-11-2024,27.4,81,16.4,0,49.0,329,6.032587926403035,0.0,6.714285714285714
1433372,06-11-2024,29.6,67,1.5,1,50.8,263,6.032587926403035,29.6,5.177165354330709
1433372,06-11-2024,25.9,87,1.5,0,44.3,267,5.299663432299572,0.0,6.027088036117382
1433380,08-12-2024,29.0,59,0.3,1,51.3,294,5.176671308816868,29.0,5.730994152046784
1433380,08-12-2024,27.7,64,0.3,0,48.3,295,5.299663432299572,0.0,6.107660455486543
1433381,10-12-2024,27.8,62,0.4,1,47.3,227,5.176671308816868,27.8,4.799154334038056
1433381,10-12-2024,26.4,65,0.4,0,38.0,230,5.299663432299572,0.0,6.052631578947368
1433382,12-12-2024,26.9,66,2.2,1,51.5,321,5.176671308816868,26.9,6.233009708737864
1433382,12-12-2024,25.8,73,2.2,0,46.5,325,5.299663432299572,0.0,6.989247311827957
1439904,06-02-2025,31.8,29,0.0,1,48.0,248,6.032587926403035,31.8,5.166666666666667
1439904,06-02-2025,25.9,29,0.0,0,39.5,251,5.80615212028422,0.0,6.3544303797468356
1439905,09-02-2025,29.9,35,0.0,1,51.3,304,6.032587926403035,29.9,5.9259259259259265
1439905,09-02-2025,23.5,79,0.0,0,45.7,308,5.80615212028422,0.0,6.73960612691466
1439906,12-02-2025,31.5,23,0.0,1,51.3,356,5.80615212028422,31.5,6.939571150097466
1439906,12-02-2025,26.6,30,0.0,0,34.8,214,6.032587926403035,0.0,6.149425287356323
1442220,08-02-2025,22.8,28,0.0,1,51.0,330,5.587714843246483,22.8,6.470588235294118
1442220,08-02-2025,18.1,52,0.0,0,48.8,252,5.415227161390376,0.0,5.163934426229509
1442221,10-02-2025,23.9,32,0.1,1,52.5,304,5.784552542299042,23.9,5.79047619047619
1442221,10-02-2025,19.3,55,0.1,0,50.7,308,5.587714843246483,0.0,6.074950690335306
1442222,12-02-2025,31.7,20,0.0,1,51.0,352,5.784552542299042,31.7,6.901960784313726
1442222,12-02-2025,25.7,42,0.0,0,50.2,355,5.415227161390376,0.0,7.0717131474103585
1442223,14-02-2025,31.9,22,0.0,1,51.2,242,5.415227161390376,31.9,4.7265625
1442223,14-02-2025,24.5,59,0.0,0,47.3,243,5.587714843246483,0.0,5.137420718816068
1442990,02-08-2024,28.3,80,9.1,1,51.0,230,5.1490707495601455,28.3,4.509803921568627
1442990,02-08-2024,26.5,89,9.1,0,48.5,230,5.80615212028422,0.0,4.742268041237113
1442991,04-08-2024,28.4,80,5.1,1,51.2,240,5.1490707495601455,28.4,4.6875
1442991,04-08-2024,26.8,85,5.1,0,43.2,208,5.80615212028422,0.0,4.814814814814815
1442992,07-08-2024,28.8,74,1.4,1,50.2,248,5.1490707495601455,28.8,4.940239043824701
1442992,07-08-2024,25.9,86,1.4,0,26.2,138,5.80615212028422,0.0,5.2671755725190845
1443546,05-01-2025,13.1,74,3.1,1,45.0,178,5.1490707495601455,13.1,3.9555555555555557
1443546,05-01-2025,13.6,72,3.1,0,28.0,180,5.587714843246483,0.0,6.428571428571429
1443547,08-01-2025,22.9,61,0.6,1,37.7,255,5.587714843246483,22.9,6.76392572944297
1443547,08-01-2025,18.1,81,0.6,0,31.3,142,5.1490707495601455,0.0,4.536741214057508
1443548,11-01-2025,23.0,44,0.0,1,50.7,290,5.1490707495601455,23.0,5.719921104536489
1443548,11-01-2025,18.5,66,0.0,0,32.2,150,5.587714843246483,0.0,4.658385093167701
1443554,29-03-2025,18.2,60,0.4,1,53.2,344,5.587714843246483,18.2,6.466165413533834
1443554,29-03-2025,14.1,79,0.4,0,46.3,271,5.415227161390376,0.0,5.853131749460044
1443555,02-04-2025,20.9,63,0.3,1,53.0,292,5.587714843246483,20.9,5.509433962264151
1443555,02-04-2025,18.8,68,0.3,0,43.7,208,5.415227161390376,0.0,4.759725400457666
1443556,05-04-2025,22.3,62,0.9,1,43.8,264,5.587714843246483,22.3,6.027397260273973
1443556,05-04-2025,17.0,87,0.9,0,42.5,221,5.415227161390376,0.0,5.2
1444649,24-11-2024,22.4,67,15.2,1,41.5,205,5.057582761592188,22.4,4.9397590361445785
1444649,24-11-2024,17.9,92,15.2,0,21.2,60,5.415227161390376,0.0,2.8301886792452833
1444650,26-11-2024,25.8,51,2.5,1,33.3,145,5.057582761592188,25.8,4.354354354354355
1444650,26-11-2024,19.5,94,2.5,0,18.8,148,5.415227161390376,0.0,7.872340425531915
1444651,28-11-2024,29.6,42,0.3,1,51.3,303,5.415227161390376,29.6,5.906432748538012
1444651,28-11-2024,22.5,67,0.3,0,40.3,204,5.057582761592188,0.0,5.062034739454095
1445034,11-08-2024,24.9,66,0.0,1,49.2,194,4.479455044709109,24.9,3.9430894308943087
1445034,11-08-2024,23.3,69,0.0,0,47.3,195,4.828573143508959,0.0,4.12262156448203
1445035,13-08-2024,25.7,60,0.0,1,51.5,304,4.976813021604454,25.7,5.902912621359223
1445035,13-08-2024,22.5,73,0.0,0,51.5,290,4.479455044709109,0.0,5.631067961165049
1445036,15-08-2024,22.6,68,0.2,1,50.3,237,4.828573143508959,22.6,4.711729622266402
1445036,15-08-2024,20.6,67,0.2,0,51.5,218,4.976813021604454,0.0,4.233009708737864
1445037,17-08-2024,23.0,52,0.0,1,50.0,220,4.828573143508959,23.0,4.4
1445037,17-08-2024,20.3,63,0.0,0,38.0,157,4.479455044709109,0.0,4.131578947368421
1445038,19-08-2024,23.0,51,0.0,1,51.3,275,4.976813021604454,23.0,5.360623781676414
1445038,19-08-2024,20.9,62,0.0,0,48.5,225,4.479455044709109,0.0,4.639175257731959
1445039,21-08-2024,18.4,55,0.1,1,50.8,206,4.828573143508959,18.4,4.05511811023622
1445039,21-08-2024,16.9,70,0.1,0,47.0,179,4.976813021604454,0.0,3.8085106382978724
1448343,29-05-2025,20.9,58,2.7,1,52.2,400,6.032587926403035,20.9,7.662835249042145
1448343,29-05-2025,17.0,79,2.7,0,27.8,162,5.299663432299572,0.0,5.827338129496403
1448344,01-06-2025,15.9,65,0.8,1,49.2,308,5.299663432299572,15.9,6.260162601626016
1448344,01-06-2025,14.3,78,0.8,0,50.2,312,6.032587926403035,0.0,6.2151394422310755
1448345,03-06-2025,16.5,77,3.7,1,41.2,251,5.299663432299572,16.5,6.092233009708737
1448345,03-06-2025,16.1,72,3.7,0,30.5,246,6.032587926403035,0.0,8.065573770491802
1448354,02-09-2025,19.0,49,0.2,1,25.2,131,6.032587926403035,19.0,5.198412698412699
1448354,02-09-2025,16.2,75,0.2,0,21.7,137,5.784552542299042,0.0,6.313364055299539
1448355,04-09-2025,18.7,57,4.7,1,52.0,330,5.784552542299042,18.7,6.346153846153846
1448355,04-09-2025,16.4,67,4.7,0,51.3,325,6.032587926403035,0.0,6.335282651072125
1448356,07-09-2025,21.3,73,0.0,1,53.3,414,6.032587926403035,21.3,7.76735459662289
1448356,07-09-2025,16.5,88,0.0,0,22.0,72,5.784552542299042,0.0,3.272727272727273
1450690,16-09-2024,27.6,4,0.0,1,51.7,199,4.596095767539074,27.6,3.849129593810445
1450690,16-09-2024,18.5,10,0.0,0,41.7,200,4.976813021604454,0.0,4.796163069544364
1450691,18-09-2024,30.3,3,0.0,1,32.3,106,4.41756608573771,30.3,3.281733746130031
1450691,18-09-2024,22.2,8,0.0,0,16.3,107,4.976813021604454,0.0,6.56441717791411
1450692,20-09-2024,27.9,6,0.0,1,51.8,313,4.596095767539074,27.9,6.042471042471043
1450692,20-09-2024,20.6,13,0.0,0,51.5,316,4.41756608573771,0.0,6.135922330097087
1450693,22-09-2024,30.1,12,0.0,1,51.3,286,4.596095767539074,30.1,5.57504873294347
1450693,22-09-2024,26.7,14,0.0,0,46.2,287,4.976813021604454,0.0,6.212121212121212
1450694,24-09-2024,27.7,18,0.0,1,51.0,339,4.976813021604454,27.7,6.647058823529412
1450694,24-09-2024,25.2,23,0.0,0,37.0,203,4.41756608573771,0.0,5.486486486486487
1450695,26-09-2024,24.0,33,0.0,1,44.7,190,4.41756608573771,24.0,4.25055928411633
1450695,26-09-2024,21.8,32,0.0,0,29.3,194,4.596095767539074,0.0,6.621160409556314
1450696,16-09-2024,22.5,34,0.1,1,51.8,253,4.479455044709109,22.5,4.884169884169885
1450696,16-09-2024,15.8,68,0.1,0,41.7,150,4.769523568420198,0.0,3.597122302158273
1450697,18-09-2024,26.8,24,0.0,1,51.2,220,4.769523568420198,26.8,4.296875
1450697,18-09-2024,18.8,67,0.0,0,50.3,223,4.528389084971718,0.0,4.433399602385686
1450698,20-09-2024,30.9,24,0.0,1,51.2,276,4.479455044709109,30.9,5.390625
1450698,20-09-2024,20.3,58,0.0,0,48.3,217,4.528389084971718,0.0,4.492753623188406
1450699,22-09-2024,36.2,14,0.0,1,48.7,181,4.769523568420198,36.2,3.7166324435318274
1450699,22-09-2024,24.5,42,0.0,0,42.8,186,4.479455044709109,0.0,4.345794392523365
1450701,26-09-2024,35.1,11,0.0,1,51.2,198,4.528389084971718,35.1,3.8671875
1450701,26-09-2024,23.5,40,0.0,0,46.7,199,4.479455044709109,0.0,4.261241970021413
1450702,25-10-2024,31.0,43,0.0,1,40.7,144,4.976813021604454,31.0,3.538083538083538
1450702,25-10-2024,27.4,53,0.0,0,24.8,145,5.320902642880173,0.0,5.846774193548387
1450704,29-10-2024,30.0,44,0.9,1,42.7,154,5.320902642880173,30.0,3.60655737704918
1450704,29-10-2024,27.8,45,0.9,0,31.0,157,4.769523568420198,0.0,5.064516129032258
1450705,31-10-2024,21.5,53,7.8,1,51.0,317,5.320902642880173,21.5,6.215686274509804
1450705,31-10-2024,18.2,66,7.8,0,45.0,246,4.976813021604454,0.0,5.466666666666667
1450706,02-11-2024,25.3,67,0.4,1,50.8,281,4.976813021604454,25.3,5.531496062992126
1450706,02-11-2024,23.5,83,0.4,0,50.3,244,4.769523568420198,0.0,4.85089463220676
1450707,04-11-2024,21.4,89,47.8,1,6.5,26,4.769523568420198,21.4,4.0
1451817,20-10-2024,25.2,86,3.3,1,39.0,185,5.299663432299572,25.2,4.743589743589744
1451817,20-10-2024,22.5,96,3.3,0,32.2,234,5.1490707495601455,0.0,7.267080745341614
1451818,23-10-2024,25.0,86,9.6,1,36.7,189,5.299663432299572,25.0,5.1498637602179835
1451818,23-10-2024,23.1,97,9.6,0,38.7,190,5.1490707495601455,0.0,4.909560723514211
1451819,26-10-2024,25.4,83,4.1,1,23.2,156,5.1490707495601455,25.4,6.724137931034483
1451819,26-10-2024,22.3,97,4.1,0,22.7,196,5.299663432299572,0.0,8.634361233480176
1456443,13-11-2024,29.5,63,2.3,1,50.3,324,5.1490707495601455,29.5,6.441351888667993
1456443,13-11-2024,23.9,96,2.3,0,27.7,175,5.587714843246483,0.0,6.317689530685921
1456444,17-11-2024,28.4,66,0.3,1,46.2,209,5.587714843246483,28.4,4.523809523809524
1456444,17-11-2024,22.9,97,0.3,0,46.8,210,5.1490707495601455,0.0,4.487179487179487
1456445,19-11-2024,24.0,95,10.4,1,21.0,112,5.587714843246483,24.0,5.333333333333333
1457464,01-11-2024,33.2,13,0.0,1,42.5,128,4.41756608573771,33.2,3.011764705882353
1457464,01-11-2024,28.0,16,0.0,0,45.0,129,4.528389084971718,0.0,2.8666666666666667
1457465,03-11-2024,34.9,12,0.0,1,50.8,240,4.41756608573771,34.9,4.724409448818898
1457465,03-11-2024,29.6,17,0.0,0,48.5,214,4.828573143508959,0.0,4.412371134020619
1457466,05-11-2024,33.6,23,0.0,1,41.0,132,4.828573143508959,33.6,3.2195121951219514
1457466,05-11-2024,28.9,26,0.0,0,35.2,133,4.528389084971718,0.0,3.7784090909090904
1457467,07-11-2024,36.5,21,0.0,1,26.3,78,4.41756608573771,36.5,2.9657794676806084
1457467,07-11-2024,31.8,29,0.0,0,24.5,79,4.528389084971718,0.0,3.2244897959183674
1457468,09-11-2024,37.0,22,0.0,1,50.3,241,4.828573143508959,37.0,4.791252485089464
1457468,09-11-2024,32.8,26,0.0,0,46.2,174,4.41756608573771,0.0,3.766233766233766
1457469,11-11-2024,36.6,23,0.0,1,44.8,155,4.528389084971718,36.6,3.459821428571429
1457469,11-11-2024,31.7,31,0.0,0,46.3,154,4.828573143508959,0.0,3.326133909287257
1459908,12-02-2025,32.2,57,0.4,1,46.8,214,5.1490707495601455,32.2,4.572649572649573
1459908,12-02-2025,29.2,63,0.4,0,34.8,165,5.797720718684014,0.0,4.741379310344828
1466414,19-02-2025,30.5,29,0.0,1,51.2,320,5.587714843246483,30.5,6.25
1466414,19-02-2025,25.0,61,0.0,0,48.0,260,5.415227161390376,0.0,5.416666666666667
1466415,20-02-2025,24.4,43,0.0,1,51.0,228,5.176671308816868,24.4,4.470588235294118
1466415,20-02-2025,22.4,66,0.0,0,47.0,231,5.80615212028422,0.0,4.914893617021277
1466417,22-02-2025,21.8,46,0.0,1,51.5,351,6.032587926403035,21.8,6.815533980582524
1466417,22-02-2025,17.9,68,0.0,0,48.2,356,5.797720718684014,0.0,7.385892116182572
1466418,23-02-2025,33.8,26,0.0,1,51.2,241,5.415227161390376,33.8,4.70703125
1466418,23-02-2025,25.4,60,0.0,0,43.8,244,5.80615212028422,0.0,5.570776255707763
1466419,24-02-2025,23.1,26,0.0,1,52.5,236,5.176671308816868,23.1,4.495238095238095
1466419,24-02-2025,15.8,54,0.0,0,46.5,240,5.587714843246483,0.0,5.161290322580645
1466424,01-03-2025,28.8,42,0.0,1,40.5,179,6.032587926403035,28.8,4.419753086419753
1466424,01-03-2025,23.5,72,0.0,0,30.8,181,5.784552542299042,0.0,5.876623376623376
1466425,02-03-2025,22.8,45,0.0,1,51.5,249,5.80615212028422,22.8,4.834951456310679
1466425,02-03-2025,20.3,55,0.0,0,46.3,205,5.587714843246483,0.0,4.427645788336934
1466426,04-03-2025,29.5,17,0.0,1,50.7,264,5.797720718684014,29.5,5.207100591715976
1466426,04-03-2025,23.6,48,0.0,0,48.7,267,5.80615212028422,0.0,5.482546201232033
1466427,05-03-2025,21.8,36,0.0,1,51.0,362,5.587714843246483,21.8,7.098039215686274
1466427,05-03-2025,17.0,53,0.0,0,51.2,312,5.784552542299042,0.0,6.09375
1466428,09-03-2025,26.0,54,0.0,1,51.5,251,5.587714843246483,26.0,4.87378640776699
1466428,09-03-2025,24.1,60,0.0,0,50.0,254,5.80615212028422,0.0,5.08
1467701,14-02-2025,24.2,66,11.5,1,51.5,299,5.057582761592188,24.2,5.805825242718447
1467701,14-02-2025,18.8,95,11.5,0,48.8,250,5.272204648893497,0.0,5.122950819672131
1467702,16-02-2025,24.0,66,6.0,1,50.5,245,5.057582761592188,24.0,4.851485148514851
1467702,16-02-2025,18.6,97,6.0,0,50.2,249,5.272204648893497,0.0,4.960159362549801
1467703,18-02-2025,25.6,60,1.2,1,51.2,240,5.272204648893497,25.6,4.6875
1467703,18-02-2025,20.9,85,1.2,0,40.3,246,5.057582761592188,0.0,6.104218362282879
1468879,08-02-2025,32.0,14,0.0,1,43.7,293,4.976813021604454,32.0,6.704805491990847
1468879,08-02-2025,27.5,15,0.0,0,41.3,179,4.596095767539074,0.0,4.3341404358353515
1468880,10-02-2025,33.7,13,0.0,1,47.0,169,4.596095767539074,33.7,3.595744680851064
1468880,10-02-2025,29.2,17,0.0,0,38.3,146,4.528389084971718,0.0,3.81201044386423
1468881,12-02-2025,31.8,22,0.0,1,43.0,151,4.976813021604454,31.8,3.511627906976744
1468881,12-02-2025,28.5,28,0.0,0,46.0,152,4.528389084971718,0.0,3.3043478260869565
1468882,14-02-2025,34.7,22,0.0,1,51.7,268,4.976813021604454,34.7,5.18375241779497
1468882,14-02-2025,30.9,27,0.0,0,43.3,198,4.596095767539074,0.0,4.572748267898383
1468883,16-02-2025,32.7,5,0.0,1,33.5,96,4.596095767539074,32.7,2.8656716417910446
1468883,16-02-2025,28.1,5,0.0,0,23.5,100,4.528389084971718,0.0,4.25531914893617
1468884,18-02-2025,35.7,12,0.0,1,36.7,122,4.976813021604454,35.7,3.32425068119891
1468884,18-02-2025,31.0,13,0.0,0,25.7,65,4.528389084971718,0.0,2.529182879377432
1469168,14-02-2025,29.9,58,0.4,1,50.8,281,5.1490707495601455,29.9,5.531496062992126
1469168,14-02-2025,27.4,72,0.4,0,24.7,107,5.797720718684014,0.0,4.331983805668016
1472511,21-05-2025,20.0,47,0.0,1,51.3,303,5.272204648893497,20.0,5.906432748538012
1472511,21-05-2025,19.8,52,0.0,0,35.2,179,5.299663432299572,0.0,5.0852272727272725
1472512,23-05-2025,17.6,57,3.2,1,51.8,352,5.299663432299572,17.6,6.795366795366796
1472513,25-05-2025,14.9,63,1.5,1,54.2,385,5.299663432299572,14.9,7.103321033210332
1472513,25-05-2025,12.4,61,1.5,0,30.2,165,5.272204648893497,0.0,5.4635761589403975
1472528,08-08-2025,32.4,47,0.0,1,51.0,280,5.299663432299572,32.4,5.490196078431373
1472528,08-08-2025,28.0,58,0.0,0,51.5,284,5.415227161390376,0.0,5.514563106796117
1472529,10-08-2025,33.5,40,0.0,1,39.0,171,5.415227161390376,33.5,4.384615384615385
1472529,10-08-2025,28.3,52,0.0,0,33.3,184,5.299663432299572,0.0,5.525525525525526
1472530,12-08-2025,31.5,39,2.3,1,51.0,294,5.299663432299572,31.5,5.764705882352941
1472530,12-08-2025,24.0,63,2.3,0,29.7,92,5.415227161390376,0.0,3.0976430976430978
1474410,07-03-2025,28.7,38,0.7,1,40.2,159,4.828573143508959,28.7,3.9552238805970146
1474410,07-03-2025,23.4,56,0.7,0,30.8,106,4.596095767539074,0.0,3.4415584415584415
1474411,09-03-2025,20.3,88,8.5,1,39.7,167,4.479455044709109,20.3,4.206549118387909
1474411,09-03-2025,18.9,89,8.5,0,40.7,174,4.596095767539074,0.0,4.275184275184275
1474413,13-03-2025,23.3,57,3.0,1,45.7,148,4.596095767539074,23.3,3.238512035010941
1474413,13-03-2025,20.3,74,3.0,0,37.2,149,4.828573143508959,0.0,4.005376344086021
1474414,15-03-2025,25.3,44,0.9,1,50.0,186,4.596095767539074,25.3,3.72
1474414,15-03-2025,20.3,69,0.9,0,42.8,154,4.479455044709109,0.0,3.5981308411214954
1478901,19-08-2025,25.5,48,0.0,1,50.5,296,5.784552542299042,25.5,5.861386138613861
1478901,19-08-2025,19.4,74,0.0,0,41.7,198,5.797720718684014,0.0,4.748201438848921
1478902,22-08-2025,22.5,74,0.1,1,50.3,277,5.784552542299042,22.5,5.506958250497018
1478902,22-08-2025,19.8,92,0.1,0,38.0,193,5.797720718684014,0.0,5.078947368421052
1478903,24-08-2025,23.8,58,0.0,1,52.2,431,5.797720718684014,23.8,8.256704980842912
1478903,24-08-2025,20.0,89,0.0,0,25.2,155,5.784552542299042,0.0,6.150793650793651
1478904,19-10-2025,16.4,79,4.1,1,27.0,136,5.80615212028422,16.4,5.037037037037037
1478904,19-10-2025,14.4,81,4.1,0,21.8,131,5.797720718684014,0.0,6.009174311926605
1478905,23-10-2025,17.6,56,0.0,1,50.8,264,5.80615212028422,17.6,5.196850393700788
1478905,23-10-2025,14.0,79,0.0,0,47.3,265,5.797720718684014,0.0,5.602536997885835
1478906,25-10-2025,22.5,53,0.0,1,47.2,236,5.797720718684014,22.5,5.0
1478906,25-10-2025,18.9,71,0.0,0,39.8,237,5.80615212028422,0.0,5.9547738693467345
1479573,30-11-2025,22.8,43,0.0,1,51.7,349,5.80615212028422,22.8,6.750483558994197
1479573,30-11-2025,16.0,70,0.0,0,49.8,332,5.784552542299042,0.0,6.666666666666667
1479574,03-12-2025,27.0,34,0.0,1,52.5,358,5.80615212028422,27.0,6.819047619047619
1479574,03-12-2025,20.1,62,0.0,0,51.3,362,5.784552542299042,0.0,7.056530214424952
1479575,06-12-2025,26.1,53,0.0,1,49.2,270,5.784552542299042,26.1,5.48780487804878
1479575,06-12-2025,23.1,76,0.0,0,41.3,271,5.80615212028422,0.0,6.561743341404359
1481530,06-05-2025,13.7,59,0.4,1,51.0,272,4.828573143508959,13.7,5.333333333333333
1481530,06-05-2025,11.2,76,0.4,0,41.5,159,4.41756608573771,0.0,3.8313253012048194
1481531,08-05-2025,16.8,42,0.1,1,51.3,296,4.41756608573771,16.8,5.769980506822613
1481531,08-05-2025,14.9,53,0.1,0,45.0,199,5.320902642880173,0.0,4.4222222222222225
1481532,10-05-2025,21.1,35,0.0,1,51.0,282,4.828573143508959,21.1,5.529411764705882
1481532,10-05-2025,18.1,51,0.0,0,50.3,263,5.320902642880173,0.0,5.2286282306163026
1481533,12-05-2025,23.8,30,0.0,1,51.7,204,4.41756608573771,23.8,3.945841392649903
1481533,12-05-2025,21.8,29,0.0,0,36.7,205,4.828573143508959,0.0,5.585831062670299
1481534,14-05-2025,20.1,39,0.0,1,49.2,161,4.41756608573771,20.1,3.2723577235772354
1481534,14-05-2025,15.1,54,0.0,0,24.5,162,5.320902642880173,0.0,6.612244897959184
1481535,16-05-2025,17.2,48,0.0,1,51.5,380,5.320902642880173,17.2,7.378640776699029
1481535,16-05-2025,13.4,61,0.0,0,42.5,235,4.828573143508959,0.0,5.529411764705882
1482564,17-05-2025,33.8,47,0.0,1,51.3,361,4.976813021604454,33.8,7.037037037037037
1482564,17-05-2025,28.3,69,0.0,0,47.2,192,4.479455044709109,0.0,4.067796610169491
1482565,19-05-2025,34.7,39,0.0,1,51.5,217,4.528389084971718,34.7,4.213592233009709
1482565,19-05-2025,28.6,63,0.0,0,49.8,202,4.479455044709109,0.0,4.056224899598393
1482566,21-05-2025,37.3,28,0.0,1,50.5,266,4.528389084971718,37.3,5.267326732673268
1482566,21-05-2025,33.0,41,0.0,0,51.2,266,4.976813021604454,0.0,5.1953125
1482567,23-05-2025,30.1,63,5.1,1,49.5,212,4.479455044709109,30.1,4.282828282828283
1482567,23-05-2025,27.7,79,5.1,0,24.0,108,4.528389084971718,0.0,4.5
1482568,25-05-2025,32.0,54,0.5,1,51.5,286,4.976813021604454,32.0,5.553398058252427
1482568,25-05-2025,28.1,69,0.5,0,46.5,198,4.479455044709109,0.0,4.258064516129032
1482569,27-05-2025,32.7,53,1.5,1,50.8,293,4.976813021604454,32.7,5.767716535433071
1482569,27-05-2025,29.5,63,1.5,0,50.3,284,4.528389084971718,0.0,5.646123260437376
1485505,02-07-2025,29.0,76,1.9,1,49.8,244,5.1490707495601455,29.0,4.899598393574298
1485505,02-07-2025,27.2,89,1.9,0,36.5,167,5.176671308816868,0.0,4.575342465753424
1485506,05-07-2025,29.0,78,2.1,1,47.2,248,5.176671308816868,29.0,5.2542372881355925
1485506,05-07-2025,27.8,83,2.1,0,49.5,232,5.1490707495601455,0.0,4.686868686868687
1485507,08-07-2025,28.4,66,0.7,1,50.5,285,5.1490707495601455,28.4,5.643564356435643
1485507,08-07-2025,24.6,82,0.7,0,40.7,186,5.176671308816868,0.0,4.57002457002457
1486772,02-06-2025,14.5,59,0.3,1,51.8,296,5.320902642880173,14.5,5.714285714285714
1486772,02-06-2025,13.2,63,0.3,0,51.8,297,4.769523568420198,0.0,5.733590733590734
1486773,04-06-2025,12.2,56,0.9,1,51.2,225,4.828573143508959,12.2,4.39453125
1486773,04-06-2025,11.1,61,0.9,0,48.8,226,4.769523568420198,0.0,4.631147540983607
1486774,06-06-2025,15.2,46,1.4,1,51.2,262,5.320902642880173,15.2,5.1171875
1486774,06-06-2025,13.4,61,1.4,0,45.5,218,4.828573143508959,0.0,4.791208791208791
1486775,08-06-2025,15.1,47,0.2,1,51.0,323,5.320902642880173,15.1,6.333333333333333
1486775,08-06-2025,12.6,71,0.2,0,52.2,321,4.769523568420198,0.0,6.149425287356322
1486776,10-06-2025,17.5,44,1.5,1,51.0,236,4.769523568420198,17.5,4.627450980392157
1486776,10-06-2025,11.7,82,1.5,0,51.3,210,4.828573143508959,0.0,4.093567251461988
1486777,12-06-2025,15.2,74,1.8,1,51.8,369,5.320902642880173,15.2,7.123552123552124
1486777,12-06-2025,13.6,80,1.8,0,50.3,374,4.828573143508959,0.0,7.435387673956263
1490231,11-01-2026,29.2,22,0.0,1,51.2,300,5.587714843246483,29.2,5.859375
1490231,11-01-2026,22.7,46,0.0,0,50.3,306,5.80615212028422,0.0,6.083499005964215
1490232,14-01-2026,26.4,19,0.0,1,51.3,284,5.80615212028422,26.4,5.5360623781676415
1490232,14-01-2026,17.0,40,0.0,0,48.2,286,5.587714843246483,0.0,5.933609958506223
1490233,18-01-2026,25.6,35,0.0,1,50.5,337,5.587714843246483,25.6,6.673267326732673
1490233,18-01-2026,20.0,51,0.0,0,47.2,296,5.80615212028422,0.0,6.271186440677965
1491720,26-10-2025,16.9,55,0.0,1,37.7,223,6.032587926403035,16.9,5.915119363395225
1491720,26-10-2025,13.2,76,0.0,0,39.2,224,5.587714843246483,0.0,5.7142857142857135
1491721,29-10-2025,16.1,58,0.2,1,36.2,175,6.032587926403035,16.1,4.834254143646408
1491721,29-10-2025,11.2,82,0.2,0,33.8,177,5.587714843246483,0.0,5.236686390532545
1491722,01-11-2025,14.6,64,0.0,1,41.8,222,6.032587926403035,14.6,5.311004784688995
1491722,01-11-2025,12.7,71,0.0,0,45.7,226,5.587714843246483,0.0,4.945295404814004
1491728,16-11-2025,15.4,66,0.0,1,51.7,269,5.587714843246483,15.4,5.203094777562862
1491728,16-11-2025,12.3,83,0.0,0,52.3,262,5.299663432299572,0.0,5.009560229445507
1491729,19-11-2025,19.5,95,30.5,1,35.2,247,5.299663432299572,19.5,7.017045454545454
1491729,19-11-2025,20.4,98,30.5,0,34.5,248,5.587714843246483,0.0,7.188405797101449
1491730,22-11-2025,22.8,65,0.6,1,37.0,161,5.299663432299572,22.8,4.351351351351352
1491730,22-11-2025,18.0,85,0.6,0,31.7,162,5.587714843246483,0.0,5.110410094637224
1492821,29-08-2025,26.8,9,0.0,1,50.8,298,5.1490707495601455,26.8,5.866141732283465
1492821,29-08-2025,20.0,22,0.0,0,52.7,291,5.057582761592188,0.0,5.521821631878558
1492822,31-08-2025,26.7,8,0.0,1,52.5,277,5.057582761592188,26.7,5.276190476190476
1492822,31-08-2025,20.6,17,0.0,0,50.3,278,5.1490707495601455,0.0,5.526838966202783
1498181,27-08-2025,36.2,8,0.0,1,50.7,219,4.479455044709109,36.2,4.319526627218934
1498181,27-08-2025,23.0,53,0.0,0,49.2,220,4.596095767539074,0.0,4.471544715447155
1498183,31-08-2025,40.5,11,0.0,1,48.8,184,4.479455044709109,40.5,3.7704918032786887
1498183,31-08-2025,30.7,18,0.0,0,43.7,187,5.320902642880173,0.0,4.279176201372997
1498184,02-09-2025,36.5,14,0.0,1,52.7,261,4.596095767539074,36.5,4.952561669829222
1498184,02-09-2025,23.8,55,0.0,0,49.8,237,4.479455044709109,0.0,4.759036144578314
1498185,04-09-2025,33.7,24,0.0,1,24.7,164,5.320902642880173,33.7,6.639676113360324
1498185,04-09-2025,20.5,62,0.0,0,22.0,109,4.596095767539074,0.0,4.954545454545454
1501898,04-11-2025,30.0,26,0.0,1,50.5,263,5.784552542299042,30.0,5.207920792079208
1501898,04-11-2025,22.1,44,0.0,0,50.7,264,5.415227161390376,0.0,5.207100591715976
1501899,06-11-2025,27.6,21,0.0,1,51.5,269,5.415227161390376,27.6,5.223300970873787
1501899,06-11-2025,21.7,34,0.0,0,41.0,270,5.784552542299042,0.0,6.585365853658536
1501900,08-11-2025,27.1,20,0.0,1,38.0,143,5.784552542299042,27.1,3.763157894736842
1501900,08-11-2025,21.4,46,0.0,0,25.3,144,5.415227161390376,0.0,5.691699604743083
1502167,11-11-2025,22.0,35,0.0,1,52.2,299,5.415227161390376,22.0,5.727969348659004
1502167,11-11-2025,13.6,69,0.0,0,53.0,293,5.1490707495601455,0.0,5.528301886792453
1502168,14-11-2025,21.8,36,0.0,1,52.3,288,5.1490707495601455,21.8,5.506692160611855
1502168,14-11-2025,14.7,64,0.0,0,50.2,289,5.415227161390376,0.0,5.756972111553784
1502169,16-11-2025,21.2,39,0.0,1,46.5,211,5.1490707495601455,21.2,4.537634408602151
1502169,16-11-2025,14.1,69,0.0,0,46.3,215,5.415227161390376,0.0,4.643628509719223
1505122,18-10-2025,33.7,47,1.6,1,50.7,207,5.176671308816868,33.7,4.0828402366863905
1505122,18-10-2025,28.5,82,1.6,0,39.5,133,5.299663432299572,0.0,3.367088607594937
1505123,21-10-2025,33.8,43,0.0,1,50.5,213,5.176671308816868,33.8,4.217821782178218
1505123,21-10-2025,29.0,72,0.0,0,50.8,213,5.299663432299572,0.0,4.192913385826772
1505124,23-10-2025,33.6,48,0.0,1,50.8,296,5.176671308816868,33.6,5.826771653543307
1505124,23-10-2025,29.1,73,0.0,0,30.7,117,5.299663432299572,0.0,3.811074918566775
1507716,22-01-2026,32.6,34,0.0,1,50.8,271,5.1490707495601455,32.6,5.334645669291339
1507716,22-01-2026,26.0,75,0.0,0,51.0,252,6.032587926403035,0.0,4.9411764705882355
1507717,24-01-2026,28.1,70,0.7,1,50.3,219,5.1490707495601455,28.1,4.353876739562624
1507717,24-01-2026,26.4,82,0.7,0,46.7,223,6.032587926403035,0.0,4.775160599571734
1507718,27-01-2026,33.8,38,0.0,1,51.0,357,6.032587926403035,33.8,7.0
1507718,27-01-2026,28.0,58,0.0,0,46.8,304,5.1490707495601455,0.0,6.495726495726496
1507884,26-10-2025,30.5,51,0.0,1,51.2,262,4.976813021604454,30.5,5.1171875
1507884,26-10-2025,28.0,61,0.0,0,40.3,156,4.769523568420198,0.0,3.870967741935484
1507885,28-10-2025,31.8,54,0.0,1,50.8,211,4.41756608573771,31.8,4.153543307086615
1507885,28-10-2025,29.4,63,0.0,0,49.7,213,4.976813021604454,0.0,4.285714285714286
1507886,30-10-2025,31.6,49,0.0,1,51.0,233,4.769523568420198,31.6,4.568627450980392
1507886,30-10-2025,29.2,60,0.0,0,43.8,237,4.41756608573771,0.0,5.41095890410959
1507887,01-11-2025,32.0,42,0.0,1,50.8,271,4.769523568420198,32.0,5.334645669291339
1507887,01-11-2025,29.4,54,0.0,0,49.7,273,4.976813021604454,0.0,5.492957746478873
1507888,03-11-2025,31.1,46,0.0,1,50.8,292,4.976813021604454,31.1,5.748031496062993
1507888,03-11-2025,28.9,58,0.0,0,23.0,49,4.41756608573771,0.0,2.130434782608696
1507889,05-11-2025,32.3,26,0.0,1,52.3,239,4.769523568420198,32.3,4.569789674952199
1507889,05-11-2025,27.1,67,0.0,0,49.8,243,4.41756608573771,0.0,4.879518072289157
1525652,11-03-2026,32.8,43,1.0,1,30.8,114,5.415227161390376,32.8,3.7012987012987013
1525652,11-03-2026,28.0,66,1.0,0,16.2,115,5.176671308816868,0.0,7.098765432098766
1525653,13-03-2026,32.2,45,2.4,1,48.3,274,5.415227161390376,32.2,5.6728778467908905
1525653,13-03-2026,24.5,81,2.4,0,24.0,114,5.176671308816868,0.0,4.75
1525654,15-03-2026,26.3,75,17.6,1,51.8,290,5.176671308816868,26.3,5.598455598455598
1525654,15-03-2026,24.8,74,17.6,0,50.8,279,5.415227161390376,0.0,5.4921259842519685
1528272,17-04-2026,32.7,62,0.6,1,51.8,247,5.587714843246483,32.7,4.768339768339769
1528272,17-04-2026,29.1,79,0.6,0,50.7,221,5.176671308816868,0.0,4.358974358974359
1528273,20-04-2026,36.2,46,0.7,1,49.7,198,5.587714843246483,36.2,3.9839034205231387
1528273,20-04-2026,30.0,74,0.7,0,36.7,199,5.176671308816868,0.0,5.422343324250681
1528274,23-04-2026,33.1,59,0.0,1,50.8,265,5.176671308816868,33.1,5.216535433070867
1528274,23-04-2026,28.4,82,0.0,0,45.7,210,5.587714843246483,0.0,4.595185995623632
1529140,04-04-2026,26.2,37,0.0,1,51.2,268,4.596095767539074,26.2,5.234375
1529140,04-04-2026,20.7,58,0.0,0,50.7,274,4.528389084971718,0.0,5.404339250493097
1529141,06-04-2026,22.6,49,5.8,1,47.5,189,4.596095767539074,22.6,3.9789473684210526
1529142,08-04-2026,22.7,50,1.7,1,21.0,163,4.528389084971718,22.7,7.761904761904762
1529142,08-04-2026,17.3,88,1.7,0,20.5,151,5.320902642880173,0.0,7.365853658536586
1529143,10-04-2026,24.5,49,1.4,1,51.7,218,4.528389084971718,24.5,4.216634429400386
1529143,10-04-2026,17.2,88,1.4,0,50.2,223,4.596095767539074,0.0,4.442231075697211
1529144,12-04-2026,25.0,37,0.0,1,51.0,198,4.596095767539074,25.0,3.8823529411764706
1529144,12-04-2026,18.9,62,0.0,0,38.8,199,5.320902642880173,0.0,5.128865979381444
1531696,25-04-2026,32.0,67,0.0,1,49.5,200,4.769523568420198,32.0,4.040404040404041
1531696,25-04-2026,28.1,88,0.0,0,48.7,163,4.41756608573771,0.0,3.347022587268994
1531697,27-04-2026,31.8,64,0.0,1,51.2,268,4.41756608573771,31.8,5.234375
1531697,27-04-2026,29.1,78,0.0,0,48.7,243,4.528389084971718,0.0,4.9897330595482545
1531698,29-04-2026,31.9,66,0.0,1,50.8,305,4.528389084971718,31.9,6.003937007874016
1531698,29-04-2026,29.6,79,0.0,0,37.7,155,4.769523568420198,0.0,4.111405835543766
1531699,01-05-2026,32.0,66,0.4,1,51.5,289,4.769523568420198,32.0,5.611650485436893
1531699,01-05-2026,28.9,74,0.4,0,38.7,248,4.41756608573771,0.0,6.408268733850129
1531700,03-05-2026,30.6,73,0.2,1,48.3,308,4.41756608573771,30.6,6.376811594202899
1531700,03-05-2026,27.0,89,0.2,0,41.2,254,4.528389084971718,0.0,6.16504854368932
1531701,05-05-2026,29.9,74,4.0,1,50.5,256,4.769523568420198,29.9,5.069306930693069
1531701,05-05-2026,27.2,87,4.0,0,40.8,175,4.528389084971718,0.0,4.28921568627451
1531702,12-05-2026,30.9,67,0.0,1,51.8,243,5.320902642880173,30.9,4.691119691119692
1531702,12-05-2026,29.1,80,0.0,0,39.7,218,4.769523568420198,0.0,5.491183879093199
1531703,14-05-2026,31.0,72,0.0,1,47.7,321,5.320902642880173,31.0,6.729559748427673
1531703,14-05-2026,29.8,77,0.0,0,33.0,246,4.976813021604454,0.0,7.454545454545454
1531704,16-05-2026,32.0,72,0.0,1,44.3,195,4.976813021604454,32.0,4.401805869074493
1531704,16-05-2026,30.0,82,0.0,0,36.7,199,4.769523568420198,0.0,5.422343324250681
1531705,18-05-2026,33.0,69,0.0,1,39.3,194,5.320902642880173,33.0,4.9363867684478375
1531705,18-05-2026,30.7,78,0.0,0,38.7,199,4.769523568420198,0.0,5.142118863049095
1531706,20-05-2026,34.1,65,0.0,1,44.3,169,5.320902642880173,34.1,3.81489841986456
1531706,20-05-2026,31.9,73,0.0,0,27.7,170,4.976813021604454,0.0,6.137184115523466
1531707,22-05-2026,35.2,69,0.1,1,51.8,317,4.769523568420198,35.2,6.11969111969112
1531707,22-05-2026,31.6,80,0.1,0,42.5,195,4.976813021604454,0.0,4.588235294117647
1532480,09-06-2026,26.8,88,6.2,1,51.0,284,5.176671308816868,26.8,5.568627450980392
1532480,09-06-2026,27.2,88,6.2,0,44.5,191,5.797720718684014,0.0,4.292134831460674
1532481,11-06-2026,32.0,64,1.7,1,42.8,187,5.797720718684014,32.0,4.369158878504673
1532481,11-06-2026,29.1,76,1.7,0,35.7,195,5.176671308816868,0.0,5.462184873949579
1532482,14-06-2026,29.6,76,8.1,1,52.2,274,5.176671308816868,29.6,5.24904214559387
1532482,14-06-2026,29.0,83,8.1,0,50.0,277,5.797720718684014,0.0,5.54
1535645,30-05-2026,30.7,34,0.2,1,45.3,200,5.797720718684014,30.7,4.415011037527594
1535645,30-05-2026,27.9,48,0.2,0,43.0,202,5.415227161390376,0.0,4.6976744186046515
1535646,02-06-2026,38.0,25,0.3,1,50.5,231,5.797720718684014,38.0,4.574257425742574
1535646,02-06-2026,35.5,36,0.3,0,44.8,190,5.415227161390376,0.0,4.241071428571429
1535647,04-06-2026,35.8,34,7.8,1,43.0,157,5.797720718684014,35.8,3.6511627906976742
1535647,04-06-2026,27.6,56,7.8,0,42.7,161,5.415227161390376,0.0,3.7704918032786883
1538304,03-06-2026,30.6,62,0.0,1,52.3,303,5.1490707495601455,30.6,5.7934990439770555
1538304,03-06-2026,28.7,68,0.0,0,51.0,262,5.299663432299572,0.0,5.137254901960785
1538425,06-06-2026,26.2,19,0.0,1,46.5,231,4.479455044709109,26.2,4.967741935483871
1538425,06-06-2026,16.2,48,0.0,0,40.7,235,4.976813021604454,0.0,5.773955773955773
1538426,08-06-2026,26.4,27,0.0,1,51.0,196,4.828573143508959,26.4,3.843137254901961
1538426,08-06-2026,18.0,66,0.0,0,49.2,175,4.976813021604454,0.0,3.556910569105691
1538427,10-06-2026,36.8,16,0.0,1,49.0,214,4.828573143508959,36.8,4.36734693877551
1538427,10-06-2026,29.0,32,0.0,0,49.8,218,4.479455044709109,0.0,4.377510040160643
1538428,12-06-2026,38.9,14,0.0,1,51.7,275,4.479455044709109,38.9,5.319148936170213
1538428,12-06-2026,27.0,39,0.0,0,51.8,276,4.976813021604454,0.0,5.328185328185328
